wmproductId,MÃ NỘI BỘ,product name,"LOẠI 
SIM","GIÁ 
PEE"
WM-e-SM-500MB-1D,WM-e-SM-500MB-1D+1,"Singapore, Malaysia, 1 Day, 500MB /day, 128kbps",ESIM,69000
WM-e-SM-1GB-1D,WM-e-SM-1GB-1D+1,"Singapore, Malaysia, 1 Day, 1GB /day, 128kbps",ESIM,69000
WM-e-SM-2GB-1D,WM-e-SM-2GB-1D+1,"Singapore, Malaysia, 1 Day, 2GB /day, 128kbps",ESIM,83000
WM-e-SM-3GB-1D,WM-e-SM-3GB-1D+1,"Singapore, Malaysia, 1 Day, 3GB /day, 128kbps",ESIM,91000
WM-e-SM-MAX-1D,WM-e-SM-MAX-1D+1,"Singapore, Malaysia, 1 Day, Unlimited data /day",ESIM,111000
WM-e-SM-10MAX-1D,WM-e-SM-10MAX-1D+1,"Singapore, Malaysia, 1 Day, Premium unlimited data/day",ESIM,119000
WM-e-SM-500MB-2D,WM-e-SM-500MB-2D+1,"Singapore, Malaysia, 2 Days, 500MB /day, 128kbps",ESIM,81000
WM-e-SM-1GB-2D,WM-e-SM-1GB-2D+1,"Singapore, Malaysia, 2 Days, 1GB /day, 128kbps",ESIM,91000
WM-e-SM-2GB-2D,WM-e-SM-2GB-2D+1,"Singapore, Malaysia, 2 Days, 2GB /day, 128kbps",ESIM,133000
WM-e-SM-3GB-2D,WM-e-SM-3GB-2D+1,"Singapore, Malaysia, 2 Days, 3GB /day, 128kbps",ESIM,152000
WM-e-SM-MAX-2D,WM-e-SM-MAX-2D+1,"Singapore, Malaysia, 2 Days, Unlimited data /day",ESIM,202000
WM-e-SM-10MAX-2D,WM-e-SM-10MAX-2D+1,"Singapore, Malaysia, 2 Days, Premium unlimited data/day",ESIM,222000
WM-e-SM-500MB-3D,WM-e-SM-500MB-3D+1,"Singapore, Malaysia, 3 Days, 500MB /day, 128kbps",ESIM,91000
WM-e-SM-1GB-3D,WM-e-SM-1GB-3D+1,"Singapore, Malaysia, 3 Days, 1GB /day, 128kbps",ESIM,97000
WM-e-SM-2GB-3D,WM-e-SM-2GB-3D+1,"Singapore, Malaysia, 3 Days, 2GB /day, 128kbps",ESIM,140000
WM-e-SM-3GB-3D,WM-e-SM-3GB-3D+1,"Singapore, Malaysia, 3 Days, 3GB /day, 128kbps",ESIM,168000
WM-e-SM-MAX-3D,WM-e-SM-MAX-3D+1,"Singapore, Malaysia, 3 Days, Unlimited data /day",ESIM,217000
WM-e-SM-10MAX-3D,WM-e-SM-10MAX-3D+1,"Singapore, Malaysia, 3 Days, Premium unlimited data/day",ESIM,239000
WM-e-SM-T3-3D,WM-e-SM-T3-3D+1,"Singapore, Malaysia, 3 Days, 3GB, 128kbps",ESIM,97000
WM-e-SM-T5-3D,WM-e-SM-T5-3D+1,"Singapore, Malaysia, 3 Days, 5GB, 128kbps",ESIM,133000
WM-e-SM-T10-3D,WM-e-SM-T10-3D+1,"Singapore, Malaysia, 3 Days, 10GB, 128kbps",ESIM,183000
WM-e-SM-T20-3D,WM-e-SM-T20-3D+1,"Singapore, Malaysia, 3 Days, 20GB, 128kbps",ESIM,325000
WM-e-SM-T30-3D,WM-e-SM-T30-3D+1,"Singapore, Malaysia, 3 Days, 30GB, 128kbps",ESIM,439000
WM-e-SM-T50-3D,WM-e-SM-T50-3D+1,"Singapore, Malaysia, 3 Days, 50GB, 128kbps",ESIM,668000
WM-e-SM-500MB-4D,WM-e-SM-500MB-4D+1,"Singapore, Malaysia, 4 Days, 500MB /day, 128kbps",ESIM,108000
WM-e-SM-1GB-4D,WM-e-SM-1GB-4D+1,"Singapore, Malaysia, 4 Days, 1GB /day, 128kbps",ESIM,128000
WM-e-SM-2GB-4D,WM-e-SM-2GB-4D+1,"Singapore, Malaysia, 4 Days, 2GB /day, 128kbps",ESIM,183000
WM-e-SM-3GB-4D,WM-e-SM-3GB-4D+1,"Singapore, Malaysia, 4 Days, 3GB /day, 128kbps",ESIM,202000
WM-e-SM-MAX-4D,WM-e-SM-MAX-4D+1,"Singapore, Malaysia, 4 Days, Unlimited data /day",ESIM,317000
WM-e-SM-10MAX-4D,WM-e-SM-10MAX-4D+1,"Singapore, Malaysia, 4 Days, Premium unlimited data/day",ESIM,352000
WM-e-SM-500MB-5D,WM-e-SM-500MB-5D+1,"Singapore, Malaysia, 5 Days, 500MB /day, 128kbps",ESIM,111000
WM-e-SM-1GB-5D,WM-e-SM-1GB-5D+1,"Singapore, Malaysia, 5 Days, 1GB /day, 128kbps",ESIM,133000
WM-e-SM-2GB-5D,WM-e-SM-2GB-5D+1,"Singapore, Malaysia, 5 Days, 2GB /day, 128kbps",ESIM,190000
WM-e-SM-3GB-5D,WM-e-SM-3GB-5D+1,"Singapore, Malaysia, 5 Days, 3GB /day, 128kbps",ESIM,217000
WM-e-SM-MAX-5D,WM-e-SM-MAX-5D+1,"Singapore, Malaysia, 5 Days, Unlimited data /day",ESIM,333000
WM-e-SM-10MAX-5D,WM-e-SM-10MAX-5D+1,"Singapore, Malaysia, 5 Days, Premium unlimited data/day",ESIM,368000
WM-e-SM-T3-5D,WM-e-SM-T3-5D+1,"Singapore, Malaysia, 5 Days, 3GB, 128kbps",ESIM,104000
WM-e-SM-T5-5D,WM-e-SM-T5-5D+1,"Singapore, Malaysia, 5 Days, 5GB, 128kbps",ESIM,140000
WM-e-SM-T10-5D,WM-e-SM-T10-5D+1,"Singapore, Malaysia, 5 Days, 10GB, 128kbps",ESIM,198000
WM-e-SM-T20-5D,WM-e-SM-T20-5D+1,"Singapore, Malaysia, 5 Days, 20GB, 128kbps",ESIM,346000
WM-e-SM-T30-5D,WM-e-SM-T30-5D+1,"Singapore, Malaysia, 5 Days, 30GB, 128kbps",ESIM,468000
WM-e-SM-T50-5D,WM-e-SM-T50-5D+1,"Singapore, Malaysia, 5 Days, 50GB, 128kbps",ESIM,711000
WM-e-SM-500MB-6D,WM-e-SM-500MB-6D+1,"Singapore, Malaysia, 6 Days, 500MB /day, 128kbps",ESIM,128000
WM-e-SM-1GB-6D,WM-e-SM-1GB-6D+1,"Singapore, Malaysia, 6 Days, 1GB /day, 128kbps",ESIM,157000
WM-e-SM-2GB-6D,WM-e-SM-2GB-6D+1,"Singapore, Malaysia, 6 Days, 2GB /day, 128kbps",ESIM,232000
WM-e-SM-3GB-6D,WM-e-SM-3GB-6D+1,"Singapore, Malaysia, 6 Days, 3GB /day, 128kbps",ESIM,302000
WM-e-SM-MAX-6D,WM-e-SM-MAX-6D+1,"Singapore, Malaysia, 6 Days, Unlimited data /day",ESIM,422000
WM-e-SM-10MAX-6D,WM-e-SM-10MAX-6D+1,"Singapore, Malaysia, 6 Days, Premium unlimited data/day",ESIM,474000
WM-e-SM-500MB-7D,WM-e-SM-500MB-7D+1,"Singapore, Malaysia, 7 Days, 500MB /day, 128kbps",ESIM,133000
WM-e-SM-1GB-7D,WM-e-SM-1GB-7D+1,"Singapore, Malaysia, 7 Days, 1GB /day, 128kbps",ESIM,162000
WM-e-SM-2GB-7D,WM-e-SM-2GB-7D+1,"Singapore, Malaysia, 7 Days, 2GB /day, 128kbps",ESIM,248000
WM-e-SM-3GB-7D,WM-e-SM-3GB-7D+1,"Singapore, Malaysia, 7 Days, 3GB /day, 128kbps",ESIM,319000
WM-e-SM-MAX-7D,WM-e-SM-MAX-7D+1,"Singapore, Malaysia, 7 Days, Unlimited data /day",ESIM,439000
WM-e-SM-10MAX-7D,WM-e-SM-10MAX-7D+1,"Singapore, Malaysia, 7 Days, Premium unlimited data/day",ESIM,490000
WM-e-SM-T3-7D,WM-e-SM-T3-7D+1,"Singapore, Malaysia, 7 Days, 3GB, 128kbps",ESIM,111000
WM-e-SM-T5-7D,WM-e-SM-T5-7D+1,"Singapore, Malaysia, 7 Days, 5GB, 128kbps",ESIM,146000
WM-e-SM-T10-7D,WM-e-SM-T10-7D+1,"Singapore, Malaysia, 7 Days, 10GB, 128kbps",ESIM,211000
WM-e-SM-T20-7D,WM-e-SM-T20-7D+1,"Singapore, Malaysia, 7 Days, 20GB, 128kbps",ESIM,368000
WM-e-SM-T30-7D,WM-e-SM-T30-7D+1,"Singapore, Malaysia, 7 Days, 30GB, 128kbps",ESIM,497000
WM-e-SM-T50-7D,WM-e-SM-T50-7D+1,"Singapore, Malaysia, 7 Days, 50GB, 128kbps",ESIM,752000
WM-e-SM-500MB-8D,WM-e-SM-500MB-8D+1,"Singapore, Malaysia, 8 Days, 500MB /day, 128kbps",ESIM,157000
WM-e-SM-1GB-8D,WM-e-SM-1GB-8D+1,"Singapore, Malaysia, 8 Days, 1GB /day, 128kbps",ESIM,189000
WM-e-SM-2GB-8D,WM-e-SM-2GB-8D+1,"Singapore, Malaysia, 8 Days, 2GB /day, 128kbps",ESIM,301000
WM-e-SM-3GB-8D,WM-e-SM-3GB-8D+1,"Singapore, Malaysia, 8 Days, 3GB /day, 128kbps",ESIM,399000
WM-e-SM-MAX-8D,WM-e-SM-MAX-8D+1,"Singapore, Malaysia, 8 Days, Unlimited data /day",ESIM,570000
WM-e-SM-10MAX-8D,WM-e-SM-10MAX-8D+1,"Singapore, Malaysia, 8 Days, Premium unlimited data/day",ESIM,649000
WM-e-SM-500MB-9D,WM-e-SM-500MB-9D+1,"Singapore, Malaysia, 9 Days, 500MB /day, 128kbps",ESIM,166000
WM-e-SM-1GB-9D,WM-e-SM-1GB-9D+1,"Singapore, Malaysia, 9 Days, 1GB /day, 128kbps",ESIM,196000
WM-e-SM-2GB-9D,WM-e-SM-2GB-9D+1,"Singapore, Malaysia, 9 Days, 2GB /day, 128kbps",ESIM,317000
WM-e-SM-3GB-9D,WM-e-SM-3GB-9D+1,"Singapore, Malaysia, 9 Days, 3GB /day, 128kbps",ESIM,416000
WM-e-SM-MAX-9D,WM-e-SM-MAX-9D+1,"Singapore, Malaysia, 9 Days, Unlimited data /day",ESIM,587000
WM-e-SM-10MAX-9D,WM-e-SM-10MAX-9D+1,"Singapore, Malaysia, 9 Days, Premium unlimited data/day",ESIM,666000
WM-e-SM-500MB-10D,WM-e-SM-500MB-10D+1,"Singapore, Malaysia, 10 Days, 500MB /day, 128kbps",ESIM,168000
WM-e-SM-1GB-10D,WM-e-SM-1GB-10D+1,"Singapore, Malaysia, 10 Days, 1GB /day, 128kbps",ESIM,204000
WM-e-SM-2GB-10D,WM-e-SM-2GB-10D+1,"Singapore, Malaysia, 10 Days, 2GB /day, 128kbps",ESIM,333000
WM-e-SM-3GB-10D,WM-e-SM-3GB-10D+1,"Singapore, Malaysia, 10 Days, 3GB /day, 128kbps",ESIM,432000
WM-e-SM-MAX-10D,WM-e-SM-MAX-10D+1,"Singapore, Malaysia, 10 Days, Unlimited data /day",ESIM,604000
WM-e-SM-10MAX-10D,WM-e-SM-10MAX-10D+1,"Singapore, Malaysia, 10 Days, Premium unlimited data/day",ESIM,681000
WM-e-SM-T3-10D,WM-e-SM-T3-10D+1,"Singapore, Malaysia, 10 Days, 3GB, 128kbps",ESIM,119000
WM-e-SM-T5-10D,WM-e-SM-T5-10D+1,"Singapore, Malaysia, 10 Days, 5GB, 128kbps",ESIM,155000
WM-e-SM-T10-10D,WM-e-SM-T10-10D+1,"Singapore, Malaysia, 10 Days, 10GB, 128kbps",ESIM,226000
WM-e-SM-T20-10D,WM-e-SM-T20-10D+1,"Singapore, Malaysia, 10 Days, 20GB, 128kbps",ESIM,390000
WM-e-SM-T30-10D,WM-e-SM-T30-10D+1,"Singapore, Malaysia, 10 Days, 30GB, 128kbps",ESIM,525000
WM-e-SM-T50-10D,WM-e-SM-T50-10D+1,"Singapore, Malaysia, 10 Days, 50GB, 128kbps",ESIM,796000
WM-e-SM-500MB-11D,WM-e-SM-500MB-11D+1,"Singapore, Malaysia, 11 Days, 500MB /day, 128kbps",ESIM,191000
WM-e-SM-1GB-11D,WM-e-SM-1GB-11D+1,"Singapore, Malaysia, 11 Days, 1GB /day, 128kbps",ESIM,250000
WM-e-SM-2GB-11D,WM-e-SM-2GB-11D+1,"Singapore, Malaysia, 11 Days, 2GB /day, 128kbps",ESIM,401000
WM-e-SM-3GB-11D,WM-e-SM-3GB-11D+1,"Singapore, Malaysia, 11 Days, 3GB /day, 128kbps",ESIM,551000
WM-e-SM-MAX-11D,WM-e-SM-MAX-11D+1,"Singapore, Malaysia, 11 Days, Unlimited data /day",ESIM,816000
WM-e-SM-10MAX-11D,WM-e-SM-10MAX-11D+1,"Singapore, Malaysia, 11 Days, Premium unlimited data/day",ESIM,923000
WM-e-SM-500MB-12D,WM-e-SM-500MB-12D+1,"Singapore, Malaysia, 12 Days, 500MB /day, 128kbps",ESIM,199000
WM-e-SM-1GB-12D,WM-e-SM-1GB-12D+1,"Singapore, Malaysia, 12 Days, 1GB /day, 128kbps",ESIM,258000
WM-e-SM-2GB-12D,WM-e-SM-2GB-12D+1,"Singapore, Malaysia, 12 Days, 2GB /day, 128kbps",ESIM,417000
WM-e-SM-3GB-12D,WM-e-SM-3GB-12D+1,"Singapore, Malaysia, 12 Days, 3GB /day, 128kbps",ESIM,568000
WM-e-SM-MAX-12D,WM-e-SM-MAX-12D+1,"Singapore, Malaysia, 12 Days, Unlimited data /day",ESIM,832000
WM-e-SM-10MAX-12D,WM-e-SM-10MAX-12D+1,"Singapore, Malaysia, 12 Days, Premium unlimited data/day",ESIM,940000
WM-e-SM-500MB-13D,WM-e-SM-500MB-13D+1,"Singapore, Malaysia, 13 Days, 500MB /day, 128kbps",ESIM,209000
WM-e-SM-1GB-13D,WM-e-SM-1GB-13D+1,"Singapore, Malaysia, 13 Days, 1GB /day, 128kbps",ESIM,266000
WM-e-SM-2GB-13D,WM-e-SM-2GB-13D+1,"Singapore, Malaysia, 13 Days, 2GB /day, 128kbps",ESIM,433000
WM-e-SM-3GB-13D,WM-e-SM-3GB-13D+1,"Singapore, Malaysia, 13 Days, 3GB /day, 128kbps",ESIM,585000
WM-e-SM-MAX-13D,WM-e-SM-MAX-13D+1,"Singapore, Malaysia, 13 Days, Unlimited data /day",ESIM,849000
WM-e-SM-10MAX-13D,WM-e-SM-10MAX-13D+1,"Singapore, Malaysia, 13 Days, Premium unlimited data/day",ESIM,956000
WM-e-SM-500MB-14D,WM-e-SM-500MB-14D+1,"Singapore, Malaysia, 14 Days, 500MB /day, 128kbps",ESIM,217000
WM-e-SM-1GB-14D,WM-e-SM-1GB-14D+1,"Singapore, Malaysia, 14 Days, 1GB /day, 128kbps",ESIM,275000
WM-e-SM-2GB-14D,WM-e-SM-2GB-14D+1,"Singapore, Malaysia, 14 Days, 2GB /day, 128kbps",ESIM,450000
WM-e-SM-3GB-14D,WM-e-SM-3GB-14D+1,"Singapore, Malaysia, 14 Days, 3GB /day, 128kbps",ESIM,603000
WM-e-SM-MAX-14D,WM-e-SM-MAX-14D+1,"Singapore, Malaysia, 14 Days, Unlimited data /day",ESIM,866000
WM-e-SM-10MAX-14D,WM-e-SM-10MAX-14D+1,"Singapore, Malaysia, 14 Days, Premium unlimited data/day",ESIM,973000
WM-e-SM-500MB-15D,WM-e-SM-500MB-15D+1,"Singapore, Malaysia, 15 Days, 500MB /day, 128kbps",ESIM,226000
WM-e-SM-1GB-15D,WM-e-SM-1GB-15D+1,"Singapore, Malaysia, 15 Days, 1GB /day, 128kbps",ESIM,283000
WM-e-SM-2GB-15D,WM-e-SM-2GB-15D+1,"Singapore, Malaysia, 15 Days, 2GB /day, 128kbps",ESIM,468000
WM-e-SM-3GB-15D,WM-e-SM-3GB-15D+1,"Singapore, Malaysia, 15 Days, 3GB /day, 128kbps",ESIM,617000
WM-e-SM-MAX-15D,WM-e-SM-MAX-15D+1,"Singapore, Malaysia, 15 Days, Unlimited data /day",ESIM,881000
WM-e-SM-10MAX-15D,WM-e-SM-10MAX-15D+1,"Singapore, Malaysia, 15 Days, Premium unlimited data/day",ESIM,989000
WM-e-SM-T3-15D,WM-e-SM-T3-15D+1,"Singapore, Malaysia, 15 Days, 3GB, 128kbps",ESIM,126000
WM-e-SM-T5-15D,WM-e-SM-T5-15D+1,"Singapore, Malaysia, 15 Days, 5GB, 128kbps",ESIM,162000
WM-e-SM-T10-15D,WM-e-SM-T10-15D+1,"Singapore, Malaysia, 15 Days, 10GB, 128kbps",ESIM,239000
WM-e-SM-T20-15D,WM-e-SM-T20-15D+1,"Singapore, Malaysia, 15 Days, 20GB, 128kbps",ESIM,411000
WM-e-SM-T30-15D,WM-e-SM-T30-15D+1,"Singapore, Malaysia, 15 Days, 30GB, 128kbps",ESIM,555000
WM-e-SM-T50-15D,WM-e-SM-T50-15D+1,"Singapore, Malaysia, 15 Days, 50GB, 128kbps",ESIM,839000
WM-e-SM-500MB-16D,WM-e-SM-500MB-16D+1,"Singapore, Malaysia, 16 Days, 500MB /day, 128kbps",ESIM,243000
WM-e-SM-1GB-16D,WM-e-SM-1GB-16D+1,"Singapore, Malaysia, 16 Days, 1GB /day, 128kbps",ESIM,320000
WM-e-SM-2GB-16D,WM-e-SM-2GB-16D+1,"Singapore, Malaysia, 16 Days, 2GB /day, 128kbps",ESIM,537000
WM-e-SM-3GB-16D,WM-e-SM-3GB-16D+1,"Singapore, Malaysia, 16 Days, 3GB /day, 128kbps",ESIM,736000
WM-e-SM-MAX-16D,WM-e-SM-MAX-16D+1,"Singapore, Malaysia, 16 Days, Unlimited data /day",ESIM,1085000
WM-e-SM-10MAX-16D,WM-e-SM-10MAX-16D+1,"Singapore, Malaysia, 16 Days, Premium unlimited data/day",ESIM,1237000
WM-e-SM-500MB-17D,WM-e-SM-500MB-17D+1,"Singapore, Malaysia, 17 Days, 500MB /day, 128kbps",ESIM,252000
WM-e-SM-1GB-17D,WM-e-SM-1GB-17D+1,"Singapore, Malaysia, 17 Days, 1GB /day, 128kbps",ESIM,328000
WM-e-SM-2GB-17D,WM-e-SM-2GB-17D+1,"Singapore, Malaysia, 17 Days, 2GB /day, 128kbps",ESIM,555000
WM-e-SM-3GB-17D,WM-e-SM-3GB-17D+1,"Singapore, Malaysia, 17 Days, 3GB /day, 128kbps",ESIM,752000
WM-e-SM-MAX-17D,WM-e-SM-MAX-17D+1,"Singapore, Malaysia, 17 Days, Unlimited data /day",ESIM,1102000
WM-e-SM-10MAX-17D,WM-e-SM-10MAX-17D+1,"Singapore, Malaysia, 17 Days, Premium unlimited data/day",ESIM,1254000
WM-e-SM-500MB-18D,WM-e-SM-500MB-18D+1,"Singapore, Malaysia, 18 Days, 500MB /day, 128kbps",ESIM,260000
WM-e-SM-1GB-18D,WM-e-SM-1GB-18D+1,"Singapore, Malaysia, 18 Days, 1GB /day, 128kbps",ESIM,337000
WM-e-SM-2GB-18D,WM-e-SM-2GB-18D+1,"Singapore, Malaysia, 18 Days, 2GB /day, 128kbps",ESIM,570000
WM-e-SM-3GB-18D,WM-e-SM-3GB-18D+1,"Singapore, Malaysia, 18 Days, 3GB /day, 128kbps",ESIM,770000
WM-e-SM-MAX-18D,WM-e-SM-MAX-18D+1,"Singapore, Malaysia, 18 Days, Unlimited data /day",ESIM,1119000
WM-e-SM-10MAX-18D,WM-e-SM-10MAX-18D+1,"Singapore, Malaysia, 18 Days, Premium unlimited data/day",ESIM,1270000
WM-e-SM-500MB-19D,WM-e-SM-500MB-19D+1,"Singapore, Malaysia, 19 Days, 500MB /day, 128kbps",ESIM,269000
WM-e-SM-1GB-19D,WM-e-SM-1GB-19D+1,"Singapore, Malaysia, 19 Days, 1GB /day, 128kbps",ESIM,345000
WM-e-SM-2GB-19D,WM-e-SM-2GB-19D+1,"Singapore, Malaysia, 19 Days, 2GB /day, 128kbps",ESIM,587000
WM-e-SM-3GB-19D,WM-e-SM-3GB-19D+1,"Singapore, Malaysia, 19 Days, 3GB /day, 128kbps",ESIM,787000
WM-e-SM-MAX-19D,WM-e-SM-MAX-19D+1,"Singapore, Malaysia, 19 Days, Unlimited data /day",ESIM,1136000
WM-e-SM-10MAX-19D,WM-e-SM-10MAX-19D+1,"Singapore, Malaysia, 19 Days, Premium unlimited data/day",ESIM,1287000
WM-e-SM-500MB-20D,WM-e-SM-500MB-20D+1,"Singapore, Malaysia, 20 Days, 500MB /day, 128kbps",ESIM,275000
WM-e-SM-1GB-20D,WM-e-SM-1GB-20D+1,"Singapore, Malaysia, 20 Days, 1GB /day, 128kbps",ESIM,355000
WM-e-SM-2GB-20D,WM-e-SM-2GB-20D+1,"Singapore, Malaysia, 20 Days, 2GB /day, 128kbps",ESIM,604000
WM-e-SM-3GB-20D,WM-e-SM-3GB-20D+1,"Singapore, Malaysia, 20 Days, 3GB /day, 128kbps",ESIM,804000
WM-e-SM-MAX-20D,WM-e-SM-MAX-20D+1,"Singapore, Malaysia, 20 Days, Unlimited data /day",ESIM,1152000
WM-e-SM-10MAX-20D,WM-e-SM-10MAX-20D+1,"Singapore, Malaysia, 20 Days, Premium unlimited data/day",ESIM,1303000
WM-e-SM-500MB-21D,WM-e-SM-500MB-21D+1,"Singapore, Malaysia, 21 Days, 500MB /day, 128kbps",ESIM,317000
WM-e-SM-1GB-21D,WM-e-SM-1GB-21D+1,"Singapore, Malaysia, 21 Days, 1GB /day, 128kbps",ESIM,428000
WM-e-SM-2GB-21D,WM-e-SM-2GB-21D+1,"Singapore, Malaysia, 21 Days, 2GB /day, 128kbps",ESIM,731000
WM-e-SM-3GB-21D,WM-e-SM-3GB-21D+1,"Singapore, Malaysia, 21 Days, 3GB /day, 128kbps",ESIM,1031000
WM-e-SM-MAX-21D,WM-e-SM-MAX-21D+1,"Singapore, Malaysia, 21 Days, Unlimited data /day",ESIM,1552000
WM-e-SM-10MAX-21D,WM-e-SM-10MAX-21D+1,"Singapore, Malaysia, 21 Days, Premium unlimited data/day",ESIM,1630000
WM-e-SM-500MB-22D,WM-e-SM-500MB-22D+1,"Singapore, Malaysia, 22 Days, 500MB /day, 128kbps",ESIM,325000
WM-e-SM-1GB-22D,WM-e-SM-1GB-22D+1,"Singapore, Malaysia, 22 Days, 1GB /day, 128kbps",ESIM,438000
WM-e-SM-2GB-22D,WM-e-SM-2GB-22D+1,"Singapore, Malaysia, 22 Days, 2GB /day, 128kbps",ESIM,749000
WM-e-SM-3GB-22D,WM-e-SM-3GB-22D+1,"Singapore, Malaysia, 22 Days, 3GB /day, 128kbps",ESIM,1048000
WM-e-SM-MAX-22D,WM-e-SM-MAX-22D+1,"Singapore, Malaysia, 22 Days, Unlimited data /day",ESIM,1568000
WM-e-SM-10MAX-22D,WM-e-SM-10MAX-22D+1,"Singapore, Malaysia, 22 Days, Premium unlimited data/day",ESIM,1663000
WM-e-SM-500MB-23D,WM-e-SM-500MB-23D+1,"Singapore, Malaysia, 23 Days, 500MB /day, 128kbps",ESIM,334000
WM-e-SM-1GB-23D,WM-e-SM-1GB-23D+1,"Singapore, Malaysia, 23 Days, 1GB /day, 128kbps",ESIM,446000
WM-e-SM-2GB-23D,WM-e-SM-2GB-23D+1,"Singapore, Malaysia, 23 Days, 2GB /day, 128kbps",ESIM,766000
WM-e-SM-3GB-23D,WM-e-SM-3GB-23D+1,"Singapore, Malaysia, 23 Days, 3GB /day, 128kbps",ESIM,1064000
WM-e-SM-MAX-23D,WM-e-SM-MAX-23D+1,"Singapore, Malaysia, 23 Days, Unlimited data /day",ESIM,1585000
WM-e-SM-10MAX-23D,WM-e-SM-10MAX-23D+1,"Singapore, Malaysia, 23 Days, Premium unlimited data/day",ESIM,1697000
WM-e-SM-500MB-24D,WM-e-SM-500MB-24D+1,"Singapore, Malaysia, 24 Days, 500MB /day, 128kbps",ESIM,342000
WM-e-SM-1GB-24D,WM-e-SM-1GB-24D+1,"Singapore, Malaysia, 24 Days, 1GB /day, 128kbps",ESIM,455000
WM-e-SM-2GB-24D,WM-e-SM-2GB-24D+1,"Singapore, Malaysia, 24 Days, 2GB /day, 128kbps",ESIM,783000
WM-e-SM-3GB-24D,WM-e-SM-3GB-24D+1,"Singapore, Malaysia, 24 Days, 3GB /day, 128kbps",ESIM,1080000
WM-e-SM-MAX-24D,WM-e-SM-MAX-24D+1,"Singapore, Malaysia, 24 Days, Unlimited data /day",ESIM,1603000
WM-e-SM-10MAX-24D,WM-e-SM-10MAX-24D+1,"Singapore, Malaysia, 24 Days, Premium unlimited data/day",ESIM,1730000
WM-e-SM-500MB-25D,WM-e-SM-500MB-25D+1,"Singapore, Malaysia, 25 Days, 500MB /day, 128kbps",ESIM,351000
WM-e-SM-1GB-25D,WM-e-SM-1GB-25D+1,"Singapore, Malaysia, 25 Days, 1GB /day, 128kbps",ESIM,463000
WM-e-SM-2GB-25D,WM-e-SM-2GB-25D+1,"Singapore, Malaysia, 25 Days, 2GB /day, 128kbps",ESIM,798000
WM-e-SM-3GB-25D,WM-e-SM-3GB-25D+1,"Singapore, Malaysia, 25 Days, 3GB /day, 128kbps",ESIM,1097000
WM-e-SM-MAX-25D,WM-e-SM-MAX-25D+1,"Singapore, Malaysia, 25 Days, Unlimited data /day",ESIM,1620000
WM-e-SM-10MAX-25D,WM-e-SM-10MAX-25D+1,"Singapore, Malaysia, 25 Days, Premium unlimited data/day",ESIM,1764000
WM-e-SM-500MB-26D,WM-e-SM-500MB-26D+1,"Singapore, Malaysia, 26 Days, 500MB /day, 128kbps",ESIM,358000
WM-e-SM-1GB-26D,WM-e-SM-1GB-26D+1,"Singapore, Malaysia, 26 Days, 1GB /day, 128kbps",ESIM,470000
WM-e-SM-2GB-26D,WM-e-SM-2GB-26D+1,"Singapore, Malaysia, 26 Days, 2GB /day, 128kbps",ESIM,816000
WM-e-SM-3GB-26D,WM-e-SM-3GB-26D+1,"Singapore, Malaysia, 26 Days, 3GB /day, 128kbps",ESIM,1114000
WM-e-SM-MAX-26D,WM-e-SM-MAX-26D+1,"Singapore, Malaysia, 26 Days, Unlimited data /day",ESIM,1637000
WM-e-SM-10MAX-26D,WM-e-SM-10MAX-26D+1,"Singapore, Malaysia, 26 Days, Premium unlimited data/day",ESIM,1797000
WM-e-SM-500MB-27D,WM-e-SM-500MB-27D+1,"Singapore, Malaysia, 27 Days, 500MB /day, 128kbps",ESIM,367000
WM-e-SM-1GB-27D,WM-e-SM-1GB-27D+1,"Singapore, Malaysia, 27 Days, 1GB /day, 128kbps",ESIM,480000
WM-e-SM-2GB-27D,WM-e-SM-2GB-27D+1,"Singapore, Malaysia, 27 Days, 2GB /day, 128kbps",ESIM,832000
WM-e-SM-3GB-27D,WM-e-SM-3GB-27D+1,"Singapore, Malaysia, 27 Days, 3GB /day, 128kbps",ESIM,1131000
WM-e-SM-MAX-27D,WM-e-SM-MAX-27D+1,"Singapore, Malaysia, 27 Days, Unlimited data /day",ESIM,1654000
WM-e-SM-10MAX-27D,WM-e-SM-10MAX-27D+1,"Singapore, Malaysia, 27 Days, Premium unlimited data/day",ESIM,1831000
WM-e-SM-500MB-28D,WM-e-SM-500MB-28D+1,"Singapore, Malaysia, 28 Days, 500MB /day, 128kbps",ESIM,376000
WM-e-SM-1GB-28D,WM-e-SM-1GB-28D+1,"Singapore, Malaysia, 28 Days, 1GB /day, 128kbps",ESIM,487000
WM-e-SM-2GB-28D,WM-e-SM-2GB-28D+1,"Singapore, Malaysia, 28 Days, 2GB /day, 128kbps",ESIM,849000
WM-e-SM-3GB-28D,WM-e-SM-3GB-28D+1,"Singapore, Malaysia, 28 Days, 3GB /day, 128kbps",ESIM,1146000
WM-e-SM-MAX-28D,WM-e-SM-MAX-28D+1,"Singapore, Malaysia, 28 Days, Unlimited data /day",ESIM,1669000
WM-e-SM-10MAX-28D,WM-e-SM-10MAX-28D+1,"Singapore, Malaysia, 28 Days, Premium unlimited data/day",ESIM,1864000
WM-e-SM-500MB-29D,WM-e-SM-500MB-29D+1,"Singapore, Malaysia, 29 Days, 500MB /day, 128kbps",ESIM,383000
WM-e-SM-1GB-29D,WM-e-SM-1GB-29D+1,"Singapore, Malaysia, 29 Days, 1GB /day, 128kbps",ESIM,497000
WM-e-SM-2GB-29D,WM-e-SM-2GB-29D+1,"Singapore, Malaysia, 29 Days, 2GB /day, 128kbps",ESIM,866000
WM-e-SM-3GB-29D,WM-e-SM-3GB-29D+1,"Singapore, Malaysia, 29 Days, 3GB /day, 128kbps",ESIM,1163000
WM-e-SM-MAX-29D,WM-e-SM-MAX-29D+1,"Singapore, Malaysia, 29 Days, Unlimited data /day",ESIM,1686000
WM-e-SM-10MAX-29D,WM-e-SM-10MAX-29D+1,"Singapore, Malaysia, 29 Days, Premium unlimited data/day",ESIM,1897000
WM-e-SM-500MB-30D,WM-e-SM-500MB-30D+1,"Singapore, Malaysia, 30 Days, 500MB /day, 128kbps",ESIM,390000
WM-e-SM-1GB-30D,WM-e-SM-1GB-30D+1,"Singapore, Malaysia, 30 Days, 1GB /day, 128kbps",ESIM,503000
WM-e-SM-2GB-30D,WM-e-SM-2GB-30D+1,"Singapore, Malaysia, 30 Days, 2GB /day, 128kbps",ESIM,881000
WM-e-SM-3GB-30D,WM-e-SM-3GB-30D+1,"Singapore, Malaysia, 30 Days, 3GB /day, 128kbps",ESIM,1181000
WM-e-SM-MAX-30D,WM-e-SM-MAX-30D+1,"Singapore, Malaysia, 30 Days, Unlimited data /day",ESIM,1702000
WM-e-SM-10MAX-30D,WM-e-SM-10MAX-30D+1,"Singapore, Malaysia, 30 Days, Premium unlimited data/day",ESIM,1930000
WM-e-SM-T3-30D,WM-e-SM-T3-30D+1,"Singapore, Malaysia, 30 Days, 3GB, 128kbps",ESIM,133000
WM-e-SM-T5-30D,WM-e-SM-T5-30D+1,"Singapore, Malaysia, 30 Days, 5GB, 128kbps",ESIM,168000
WM-e-SM-T10-30D,WM-e-SM-T10-30D+1,"Singapore, Malaysia, 30 Days, 10GB, 128kbps",ESIM,254000
WM-e-SM-T20-30D,WM-e-SM-T20-30D+1,"Singapore, Malaysia, 30 Days, 20GB, 128kbps",ESIM,432000
WM-e-SM-T30-30D,WM-e-SM-T30-30D+1,"Singapore, Malaysia, 30 Days, 30GB, 128kbps",ESIM,583000
WM-e-SM-T50-30D,WM-e-SM-T50-30D+1,"Singapore, Malaysia, 30 Days, 50GB, 128kbps",ESIM,881000
WM-SM-500MB,WM-SM-500MB+1,"Singapore, Malaysia, 500MB /day, 128kbps",SIM VẬT LÝ,95000
WM-SM-1GB,WM-SM-1GB+1,"Singapore, Malaysia, 1GB /day, 128kbps",SIM VẬT LÝ,98000
WM-SM-2GB,WM-SM-2GB+1,"Singapore, Malaysia, 2GB /day, 128kbps",SIM VẬT LÝ,109000
WM-SM-3GB,WM-SM-3GB+1,"Singapore, Malaysia, 3GB /day, 128kbps",SIM VẬT LÝ,119000
WM-SM-MAX,WM-SM-MAX+1,"Singapore, Malaysia, Unlimited data/day",SIM VẬT LÝ,125000
WM-SM-10MAX,WM-SM-10MAX+1,"Singapore, Malaysia, Unlimited data/day, 10mbps",SIM VẬT LÝ,151000
WM-SM-500MB,WM-SM-500MB+2,"Singapore, Malaysia, 500MB /day, 128kbps",SIM VẬT LÝ,108000
WM-SM-1GB,WM-SM-1GB+2,"Singapore, Malaysia, 1GB /day, 128kbps",SIM VẬT LÝ,114000
WM-SM-2GB,WM-SM-2GB+2,"Singapore, Malaysia, 2GB /day, 128kbps",SIM VẬT LÝ,136000
WM-SM-3GB,WM-SM-3GB+2,"Singapore, Malaysia, 3GB /day, 128kbps",SIM VẬT LÝ,154000
WM-SM-MAX,WM-SM-MAX+2,"Singapore, Malaysia, Unlimited data/day",SIM VẬT LÝ,167000
WM-SM-10MAX,WM-SM-10MAX+2,"Singapore, Malaysia, Unlimited data/day, 10mbps",SIM VẬT LÝ,219000
WM-SM-500MB,WM-SM-500MB+3,"Singapore, Malaysia, 500MB /day, 128kbps",SIM VẬT LÝ,120000
WM-SM-1GB,WM-SM-1GB+3,"Singapore, Malaysia, 1GB /day, 128kbps",SIM VẬT LÝ,130000
WM-SM-2GB,WM-SM-2GB+3,"Singapore, Malaysia, 2GB /day, 128kbps",SIM VẬT LÝ,162000
WM-SM-3GB,WM-SM-3GB+3,"Singapore, Malaysia, 3GB /day, 128kbps",SIM VẬT LÝ,190000
WM-SM-MAX,WM-SM-MAX+3,"Singapore, Malaysia, Unlimited data/day",SIM VẬT LÝ,208000
WM-SM-10MAX,WM-SM-10MAX+3,"Singapore, Malaysia, Unlimited data/day, 10mbps",SIM VẬT LÝ,287000
WM-SM-500MB,WM-SM-500MB+4,"Singapore, Malaysia, 500MB /day, 128kbps",SIM VẬT LÝ,132000
WM-SM-1GB,WM-SM-1GB+4,"Singapore, Malaysia, 1GB /day, 128kbps",SIM VẬT LÝ,145000
WM-SM-2GB,WM-SM-2GB+4,"Singapore, Malaysia, 2GB /day, 128kbps",SIM VẬT LÝ,189000
WM-SM-3GB,WM-SM-3GB+4,"Singapore, Malaysia, 3GB /day, 128kbps",SIM VẬT LÝ,226000
WM-SM-MAX,WM-SM-MAX+4,"Singapore, Malaysia, Unlimited data/day",SIM VẬT LÝ,250000
WM-SM-10MAX,WM-SM-10MAX+4,"Singapore, Malaysia, Unlimited data/day, 10mbps",SIM VẬT LÝ,356000
WM-SM-500MB,WM-SM-500MB+5,"Singapore, Malaysia, 500MB /day, 128kbps",SIM VẬT LÝ,145000
WM-SM-1GB,WM-SM-1GB+5,"Singapore, Malaysia, 1GB /day, 128kbps",SIM VẬT LÝ,160000
WM-SM-2GB,WM-SM-2GB+5,"Singapore, Malaysia, 2GB /day, 128kbps",SIM VẬT LÝ,215000
WM-SM-3GB,WM-SM-3GB+5,"Singapore, Malaysia, 3GB /day, 128kbps",SIM VẬT LÝ,261000
WM-SM-MAX,WM-SM-MAX+5,"Singapore, Malaysia, Unlimited data/day",SIM VẬT LÝ,292000
WM-SM-10MAX,WM-SM-10MAX+5,"Singapore, Malaysia, Unlimited data/day, 10mbps",SIM VẬT LÝ,423000
WM-SM-500MB,WM-SM-500MB+6,"Singapore, Malaysia, 500MB /day, 128kbps",SIM VẬT LÝ,157000
WM-SM-1GB,WM-SM-1GB+6,"Singapore, Malaysia, 1GB /day, 128kbps",SIM VẬT LÝ,175000
WM-SM-2GB,WM-SM-2GB+6,"Singapore, Malaysia, 2GB /day, 128kbps",SIM VẬT LÝ,240000
WM-SM-3GB,WM-SM-3GB+6,"Singapore, Malaysia, 3GB /day, 128kbps",SIM VẬT LÝ,297000
WM-SM-MAX,WM-SM-MAX+6,"Singapore, Malaysia, Unlimited data/day",SIM VẬT LÝ,334000
WM-SM-10MAX,WM-SM-10MAX+6,"Singapore, Malaysia, Unlimited data/day, 10mbps",SIM VẬT LÝ,492000
WM-SM-500MB,WM-SM-500MB+7,"Singapore, Malaysia, 500MB /day, 128kbps",SIM VẬT LÝ,169000
WM-SM-1GB,WM-SM-1GB+7,"Singapore, Malaysia, 1GB /day, 128kbps",SIM VẬT LÝ,191000
WM-SM-2GB,WM-SM-2GB+7,"Singapore, Malaysia, 2GB /day, 128kbps",SIM VẬT LÝ,267000
WM-SM-3GB,WM-SM-3GB+7,"Singapore, Malaysia, 3GB /day, 128kbps",SIM VẬT LÝ,332000
WM-SM-MAX,WM-SM-MAX+7,"Singapore, Malaysia, Unlimited data/day",SIM VẬT LÝ,375000
WM-SM-10MAX,WM-SM-10MAX+7,"Singapore, Malaysia, Unlimited data/day, 10mbps",SIM VẬT LÝ,561000
WM-SM-500MB,WM-SM-500MB+8,"Singapore, Malaysia, 500MB /day, 128kbps",SIM VẬT LÝ,181000
WM-SM-1GB,WM-SM-1GB+8,"Singapore, Malaysia, 1GB /day, 128kbps",SIM VẬT LÝ,207000
WM-SM-2GB,WM-SM-2GB+8,"Singapore, Malaysia, 2GB /day, 128kbps",SIM VẬT LÝ,293000
WM-SM-3GB,WM-SM-3GB+8,"Singapore, Malaysia, 3GB /day, 128kbps",SIM VẬT LÝ,368000
WM-SM-MAX,WM-SM-MAX+8,"Singapore, Malaysia, Unlimited data/day",SIM VẬT LÝ,417000
WM-SM-10MAX,WM-SM-10MAX+8,"Singapore, Malaysia, Unlimited data/day, 10mbps",SIM VẬT LÝ,628000
WM-SM-500MB,WM-SM-500MB+9,"Singapore, Malaysia, 500MB /day, 128kbps",SIM VẬT LÝ,195000
WM-SM-1GB,WM-SM-1GB+9,"Singapore, Malaysia, 1GB /day, 128kbps",SIM VẬT LÝ,222000
WM-SM-2GB,WM-SM-2GB+9,"Singapore, Malaysia, 2GB /day, 128kbps",SIM VẬT LÝ,320000
WM-SM-3GB,WM-SM-3GB+9,"Singapore, Malaysia, 3GB /day, 128kbps",SIM VẬT LÝ,404000
WM-SM-MAX,WM-SM-MAX+9,"Singapore, Malaysia, Unlimited data/day",SIM VẬT LÝ,460000
WM-SM-10MAX,WM-SM-10MAX+9,"Singapore, Malaysia, Unlimited data/day, 10mbps",SIM VẬT LÝ,697000
WM-SM-500MB,WM-SM-500MB+10,"Singapore, Malaysia, 500MB /day, 128kbps",SIM VẬT LÝ,207000
WM-SM-1GB,WM-SM-1GB+10,"Singapore, Malaysia, 1GB /day, 128kbps",SIM VẬT LÝ,238000
WM-SM-2GB,WM-SM-2GB+10,"Singapore, Malaysia, 2GB /day, 128kbps",SIM VẬT LÝ,346000
WM-SM-3GB,WM-SM-3GB+10,"Singapore, Malaysia, 3GB /day, 128kbps",SIM VẬT LÝ,439000
WM-SM-MAX,WM-SM-MAX+10,"Singapore, Malaysia, Unlimited data/day",SIM VẬT LÝ,502000
WM-SM-10MAX,WM-SM-10MAX+10,"Singapore, Malaysia, Unlimited data/day, 10mbps",SIM VẬT LÝ,764000
WM-SM-500MB,WM-SM-500MB+11,"Singapore, Malaysia, 500MB /day, 128kbps",SIM VẬT LÝ,219000
WM-SM-1GB,WM-SM-1GB+11,"Singapore, Malaysia, 1GB /day, 128kbps",SIM VẬT LÝ,254000
WM-SM-2GB,WM-SM-2GB+11,"Singapore, Malaysia, 2GB /day, 128kbps",SIM VẬT LÝ,373000
WM-SM-3GB,WM-SM-3GB+11,"Singapore, Malaysia, 3GB /day, 128kbps",SIM VẬT LÝ,475000
WM-SM-MAX,WM-SM-MAX+11,"Singapore, Malaysia, Unlimited data/day",SIM VẬT LÝ,543000
WM-SM-10MAX,WM-SM-10MAX+11,"Singapore, Malaysia, Unlimited data/day, 10mbps",SIM VẬT LÝ,833000
WM-SM-500MB,WM-SM-500MB+12,"Singapore, Malaysia, 500MB /day, 128kbps",SIM VẬT LÝ,232000
WM-SM-1GB,WM-SM-1GB+12,"Singapore, Malaysia, 1GB /day, 128kbps",SIM VẬT LÝ,269000
WM-SM-2GB,WM-SM-2GB+12,"Singapore, Malaysia, 2GB /day, 128kbps",SIM VẬT LÝ,399000
WM-SM-3GB,WM-SM-3GB+12,"Singapore, Malaysia, 3GB /day, 128kbps",SIM VẬT LÝ,510000
WM-SM-MAX,WM-SM-MAX+12,"Singapore, Malaysia, Unlimited data/day",SIM VẬT LÝ,585000
WM-SM-10MAX,WM-SM-10MAX+12,"Singapore, Malaysia, Unlimited data/day, 10mbps",SIM VẬT LÝ,902000
WM-SM-500MB,WM-SM-500MB+13,"Singapore, Malaysia, 500MB /day, 128kbps",SIM VẬT LÝ,244000
WM-SM-1GB,WM-SM-1GB+13,"Singapore, Malaysia, 1GB /day, 128kbps",SIM VẬT LÝ,284000
WM-SM-2GB,WM-SM-2GB+13,"Singapore, Malaysia, 2GB /day, 128kbps",SIM VẬT LÝ,426000
WM-SM-3GB,WM-SM-3GB+13,"Singapore, Malaysia, 3GB /day, 128kbps",SIM VẬT LÝ,546000
WM-SM-MAX,WM-SM-MAX+13,"Singapore, Malaysia, Unlimited data/day",SIM VẬT LÝ,627000
WM-SM-10MAX,WM-SM-10MAX+13,"Singapore, Malaysia, Unlimited data/day, 10mbps",SIM VẬT LÝ,969000
WM-SM-500MB,WM-SM-500MB+14,"Singapore, Malaysia, 500MB /day, 128kbps",SIM VẬT LÝ,256000
WM-SM-1GB,WM-SM-1GB+14,"Singapore, Malaysia, 1GB /day, 128kbps",SIM VẬT LÝ,299000
WM-SM-2GB,WM-SM-2GB+14,"Singapore, Malaysia, 2GB /day, 128kbps",SIM VẬT LÝ,451000
WM-SM-3GB,WM-SM-3GB+14,"Singapore, Malaysia, 3GB /day, 128kbps",SIM VẬT LÝ,583000
WM-SM-MAX,WM-SM-MAX+14,"Singapore, Malaysia, Unlimited data/day",SIM VẬT LÝ,669000
WM-SM-10MAX,WM-SM-10MAX+14,"Singapore, Malaysia, Unlimited data/day, 10mbps",SIM VẬT LÝ,1038000
WM-SM-500MB,WM-SM-500MB+15,"Singapore, Malaysia, 500MB /day, 128kbps",SIM VẬT LÝ,269000
WM-SM-1GB,WM-SM-1GB+15,"Singapore, Malaysia, 1GB /day, 128kbps",SIM VẬT LÝ,315000
WM-SM-2GB,WM-SM-2GB+15,"Singapore, Malaysia, 2GB /day, 128kbps",SIM VẬT LÝ,478000
WM-SM-3GB,WM-SM-3GB+15,"Singapore, Malaysia, 3GB /day, 128kbps",SIM VẬT LÝ,617000
WM-SM-MAX,WM-SM-MAX+15,"Singapore, Malaysia, Unlimited data/day",SIM VẬT LÝ,710000
WM-SM-10MAX,WM-SM-10MAX+15,"Singapore, Malaysia, Unlimited data/day, 10mbps",SIM VẬT LÝ,1107000
WM-SM-500MB,WM-SM-500MB+16,"Singapore, Malaysia, 500MB /day, 128kbps",SIM VẬT LÝ,281000
WM-SM-1GB,WM-SM-1GB+16,"Singapore, Malaysia, 1GB /day, 128kbps",SIM VẬT LÝ,331000
WM-SM-2GB,WM-SM-2GB+16,"Singapore, Malaysia, 2GB /day, 128kbps",SIM VẬT LÝ,504000
WM-SM-3GB,WM-SM-3GB+16,"Singapore, Malaysia, 3GB /day, 128kbps",SIM VẬT LÝ,654000
WM-SM-MAX,WM-SM-MAX+16,"Singapore, Malaysia, Unlimited data/day",SIM VẬT LÝ,752000
WM-SM-10MAX,WM-SM-10MAX+16,"Singapore, Malaysia, Unlimited data/day, 10mbps",SIM VẬT LÝ,1174000
WM-SM-500MB,WM-SM-500MB+17,"Singapore, Malaysia, 500MB /day, 128kbps",SIM VẬT LÝ,293000
WM-SM-1GB,WM-SM-1GB+17,"Singapore, Malaysia, 1GB /day, 128kbps",SIM VẬT LÝ,346000
WM-SM-2GB,WM-SM-2GB+17,"Singapore, Malaysia, 2GB /day, 128kbps",SIM VẬT LÝ,531000
WM-SM-3GB,WM-SM-3GB+17,"Singapore, Malaysia, 3GB /day, 128kbps",SIM VẬT LÝ,689000
WM-SM-MAX,WM-SM-MAX+17,"Singapore, Malaysia, Unlimited data/day",SIM VẬT LÝ,795000
WM-SM-10MAX,WM-SM-10MAX+17,"Singapore, Malaysia, Unlimited data/day, 10mbps",SIM VẬT LÝ,1243000
WM-SM-500MB,WM-SM-500MB+18,"Singapore, Malaysia, 500MB /day, 128kbps",SIM VẬT LÝ,305000
WM-SM-1GB,WM-SM-1GB+18,"Singapore, Malaysia, 1GB /day, 128kbps",SIM VẬT LÝ,362000
WM-SM-2GB,WM-SM-2GB+18,"Singapore, Malaysia, 2GB /day, 128kbps",SIM VẬT LÝ,557000
WM-SM-3GB,WM-SM-3GB+18,"Singapore, Malaysia, 3GB /day, 128kbps",SIM VẬT LÝ,725000
WM-SM-MAX,WM-SM-MAX+18,"Singapore, Malaysia, Unlimited data/day",SIM VẬT LÝ,837000
WM-SM-10MAX,WM-SM-10MAX+18,"Singapore, Malaysia, Unlimited data/day, 10mbps",SIM VẬT LÝ,1310000
WM-SM-500MB,WM-SM-500MB+19,"Singapore, Malaysia, 500MB /day, 128kbps",SIM VẬT LÝ,319000
WM-SM-1GB,WM-SM-1GB+19,"Singapore, Malaysia, 1GB /day, 128kbps",SIM VẬT LÝ,378000
WM-SM-2GB,WM-SM-2GB+19,"Singapore, Malaysia, 2GB /day, 128kbps",SIM VẬT LÝ,584000
WM-SM-3GB,WM-SM-3GB+19,"Singapore, Malaysia, 3GB /day, 128kbps",SIM VẬT LÝ,761000
WM-SM-MAX,WM-SM-MAX+19,"Singapore, Malaysia, Unlimited data/day",SIM VẬT LÝ,878000
WM-SM-10MAX,WM-SM-10MAX+19,"Singapore, Malaysia, Unlimited data/day, 10mbps",SIM VẬT LÝ,1379000
WM-SM-500MB,WM-SM-500MB+20,"Singapore, Malaysia, 500MB /day, 128kbps",SIM VẬT LÝ,331000
WM-SM-1GB,WM-SM-1GB+20,"Singapore, Malaysia, 1GB /day, 128kbps",SIM VẬT LÝ,393000
WM-SM-2GB,WM-SM-2GB+20,"Singapore, Malaysia, 2GB /day, 128kbps",SIM VẬT LÝ,610000
WM-SM-3GB,WM-SM-3GB+20,"Singapore, Malaysia, 3GB /day, 128kbps",SIM VẬT LÝ,796000
WM-SM-MAX,WM-SM-MAX+20,"Singapore, Malaysia, Unlimited data/day",SIM VẬT LÝ,920000
WM-SM-10MAX,WM-SM-10MAX+20,"Singapore, Malaysia, Unlimited data/day, 10mbps",SIM VẬT LÝ,1448000
WM-SM-500MB,WM-SM-500MB+21,"Singapore, Malaysia, 500MB /day, 128kbps",SIM VẬT LÝ,343000
WM-SM-1GB,WM-SM-1GB+21,"Singapore, Malaysia, 1GB /day, 128kbps",SIM VẬT LÝ,408000
WM-SM-2GB,WM-SM-2GB+21,"Singapore, Malaysia, 2GB /day, 128kbps",SIM VẬT LÝ,637000
WM-SM-3GB,WM-SM-3GB+21,"Singapore, Malaysia, 3GB /day, 128kbps",SIM VẬT LÝ,832000
WM-SM-MAX,WM-SM-MAX+21,"Singapore, Malaysia, Unlimited data/day",SIM VẬT LÝ,962000
WM-SM-10MAX,WM-SM-10MAX+21,"Singapore, Malaysia, Unlimited data/day, 10mbps",SIM VẬT LÝ,1515000
WM-SM-500MB,WM-SM-500MB+22,"Singapore, Malaysia, 500MB /day, 128kbps",SIM VẬT LÝ,356000
WM-SM-1GB,WM-SM-1GB+22,"Singapore, Malaysia, 1GB /day, 128kbps",SIM VẬT LÝ,423000
WM-SM-2GB,WM-SM-2GB+22,"Singapore, Malaysia, 2GB /day, 128kbps",SIM VẬT LÝ,662000
WM-SM-3GB,WM-SM-3GB+22,"Singapore, Malaysia, 3GB /day, 128kbps",SIM VẬT LÝ,867000
WM-SM-MAX,WM-SM-MAX+22,"Singapore, Malaysia, Unlimited data/day",SIM VẬT LÝ,1004000
WM-SM-10MAX,WM-SM-10MAX+22,"Singapore, Malaysia, Unlimited data/day, 10mbps",SIM VẬT LÝ,1584000
WM-SM-500MB,WM-SM-500MB+23,"Singapore, Malaysia, 500MB /day, 128kbps",SIM VẬT LÝ,368000
WM-SM-1GB,WM-SM-1GB+23,"Singapore, Malaysia, 1GB /day, 128kbps",SIM VẬT LÝ,439000
WM-SM-2GB,WM-SM-2GB+23,"Singapore, Malaysia, 2GB /day, 128kbps",SIM VẬT LÝ,689000
WM-SM-3GB,WM-SM-3GB+23,"Singapore, Malaysia, 3GB /day, 128kbps",SIM VẬT LÝ,903000
WM-SM-MAX,WM-SM-MAX+23,"Singapore, Malaysia, Unlimited data/day",SIM VẬT LÝ,1045000
WM-SM-10MAX,WM-SM-10MAX+23,"Singapore, Malaysia, Unlimited data/day, 10mbps",SIM VẬT LÝ,1652000
WM-SM-500MB,WM-SM-500MB+24,"Singapore, Malaysia, 500MB /day, 128kbps",SIM VẬT LÝ,380000
WM-SM-1GB,WM-SM-1GB+24,"Singapore, Malaysia, 1GB /day, 128kbps",SIM VẬT LÝ,455000
WM-SM-2GB,WM-SM-2GB+24,"Singapore, Malaysia, 2GB /day, 128kbps",SIM VẬT LÝ,715000
WM-SM-3GB,WM-SM-3GB+24,"Singapore, Malaysia, 3GB /day, 128kbps",SIM VẬT LÝ,939000
WM-SM-MAX,WM-SM-MAX+24,"Singapore, Malaysia, Unlimited data/day",SIM VẬT LÝ,1087000
WM-SM-10MAX,WM-SM-10MAX+24,"Singapore, Malaysia, Unlimited data/day, 10mbps",SIM VẬT LÝ,1720000
WM-SM-500MB,WM-SM-500MB+25,"Singapore, Malaysia, 500MB /day, 128kbps",SIM VẬT LÝ,393000
WM-SM-1GB,WM-SM-1GB+25,"Singapore, Malaysia, 1GB /day, 128kbps",SIM VẬT LÝ,470000
WM-SM-2GB,WM-SM-2GB+25,"Singapore, Malaysia, 2GB /day, 128kbps",SIM VẬT LÝ,742000
WM-SM-3GB,WM-SM-3GB+25,"Singapore, Malaysia, 3GB /day, 128kbps",SIM VẬT LÝ,974000
WM-SM-MAX,WM-SM-MAX+25,"Singapore, Malaysia, Unlimited data/day",SIM VẬT LÝ,1130000
WM-SM-10MAX,WM-SM-10MAX+25,"Singapore, Malaysia, Unlimited data/day, 10mbps",SIM VẬT LÝ,1789000
WM-SM-500MB,WM-SM-500MB+26,"Singapore, Malaysia, 500MB /day, 128kbps",SIM VẬT LÝ,405000
WM-SM-1GB,WM-SM-1GB+26,"Singapore, Malaysia, 1GB /day, 128kbps",SIM VẬT LÝ,486000
WM-SM-2GB,WM-SM-2GB+26,"Singapore, Malaysia, 2GB /day, 128kbps",SIM VẬT LÝ,768000
WM-SM-3GB,WM-SM-3GB+26,"Singapore, Malaysia, 3GB /day, 128kbps",SIM VẬT LÝ,1010000
WM-SM-MAX,WM-SM-MAX+26,"Singapore, Malaysia, Unlimited data/day",SIM VẬT LÝ,1172000
WM-SM-10MAX,WM-SM-10MAX+26,"Singapore, Malaysia, Unlimited data/day, 10mbps",SIM VẬT LÝ,1856000
WM-SM-500MB,WM-SM-500MB+27,"Singapore, Malaysia, 500MB /day, 128kbps",SIM VẬT LÝ,417000
WM-SM-1GB,WM-SM-1GB+27,"Singapore, Malaysia, 1GB /day, 128kbps",SIM VẬT LÝ,502000
WM-SM-2GB,WM-SM-2GB+27,"Singapore, Malaysia, 2GB /day, 128kbps",SIM VẬT LÝ,795000
WM-SM-3GB,WM-SM-3GB+27,"Singapore, Malaysia, 3GB /day, 128kbps",SIM VẬT LÝ,1045000
WM-SM-MAX,WM-SM-MAX+27,"Singapore, Malaysia, Unlimited data/day",SIM VẬT LÝ,1213000
WM-SM-10MAX,WM-SM-10MAX+27,"Singapore, Malaysia, Unlimited data/day, 10mbps",SIM VẬT LÝ,1925000
WM-SM-500MB,WM-SM-500MB+28,"Singapore, Malaysia, 500MB /day, 128kbps",SIM VẬT LÝ,430000
WM-SM-1GB,WM-SM-1GB+28,"Singapore, Malaysia, 1GB /day, 128kbps",SIM VẬT LÝ,516000
WM-SM-2GB,WM-SM-2GB+28,"Singapore, Malaysia, 2GB /day, 128kbps",SIM VẬT LÝ,821000
WM-SM-3GB,WM-SM-3GB+28,"Singapore, Malaysia, 3GB /day, 128kbps",SIM VẬT LÝ,1081000
WM-SM-MAX,WM-SM-MAX+28,"Singapore, Malaysia, Unlimited data/day",SIM VẬT LÝ,1255000
WM-SM-10MAX,WM-SM-10MAX+28,"Singapore, Malaysia, Unlimited data/day, 10mbps",SIM VẬT LÝ,1993000
WM-SM-500MB,WM-SM-500MB+29,"Singapore, Malaysia, 500MB /day, 128kbps",SIM VẬT LÝ,443000
WM-SM-1GB,WM-SM-1GB+29,"Singapore, Malaysia, 1GB /day, 128kbps",SIM VẬT LÝ,532000
WM-SM-2GB,WM-SM-2GB+29,"Singapore, Malaysia, 2GB /day, 128kbps",SIM VẬT LÝ,848000
WM-SM-3GB,WM-SM-3GB+29,"Singapore, Malaysia, 3GB /day, 128kbps",SIM VẬT LÝ,1117000
WM-SM-MAX,WM-SM-MAX+29,"Singapore, Malaysia, Unlimited data/day",SIM VẬT LÝ,1297000
WM-SM-10MAX,WM-SM-10MAX+29,"Singapore, Malaysia, Unlimited data/day, 10mbps",SIM VẬT LÝ,2061000
WM-SM-500MB,WM-SM-500MB+30,"Singapore, Malaysia, 500MB /day, 128kbps",SIM VẬT LÝ,455000
WM-SM-1GB,WM-SM-1GB+30,"Singapore, Malaysia, 1GB /day, 128kbps",SIM VẬT LÝ,548000
WM-SM-2GB,WM-SM-2GB+30,"Singapore, Malaysia, 2GB /day, 128kbps",SIM VẬT LÝ,873000
WM-SM-3GB,WM-SM-3GB+30,"Singapore, Malaysia, 3GB /day, 128kbps",SIM VẬT LÝ,1152000
WM-SM-MAX,WM-SM-MAX+30,"Singapore, Malaysia, Unlimited data/day",SIM VẬT LÝ,1339000
WM-SM-10MAX,WM-SM-10MAX+30,"Singapore, Malaysia, Unlimited data/day, 10mbps",SIM VẬT LÝ,2130000
WM-SM-T3-5D,WM-SM-T3-5D+1,"Singapore, Malaysia, 5 Days, 3GB, 128kbps",SIM VẬT LÝ,134000
WM-SM-T5-5D,WM-SM-T5-5D+1,"Singapore, Malaysia, 5 Days, 5GB, 128kbps",SIM VẬT LÝ,169000
WM-SM-T10-5D,WM-SM-T10-5D+1,"Singapore, Malaysia, 5 Days, 10GB, 128kbps",SIM VẬT LÝ,226000
WM-SM-T20-5D,WM-SM-T20-5D+1,"Singapore, Malaysia, 5 Days, 20GB, 128kbps",SIM VẬT LÝ,354000
WM-SM-T30-5D,WM-SM-T30-5D+1,"Singapore, Malaysia, 5 Days, 30GB, 128kbps",SIM VẬT LÝ,483000
WM-SM-T50-5D,WM-SM-T50-5D+1,"Singapore, Malaysia, 5 Days, 50GB, 128kbps",SIM VẬT LÝ,704000
WM-SM-T3-7D,WM-SM-T3-7D+1,"Singapore, Malaysia, 7 Days, 3GB, 128kbps",SIM VẬT LÝ,140000
WM-SM-T5-7D,WM-SM-T5-7D+1,"Singapore, Malaysia, 7 Days, 5GB, 128kbps",SIM VẬT LÝ,175000
WM-SM-T10-7D,WM-SM-T10-7D+1,"Singapore, Malaysia, 7 Days, 10GB, 128kbps",SIM VẬT LÝ,233000
WM-SM-T20-7D,WM-SM-T20-7D+1,"Singapore, Malaysia, 7 Days, 20GB, 128kbps",SIM VẬT LÝ,375000
WM-SM-T30-7D,WM-SM-T30-7D+1,"Singapore, Malaysia, 7 Days, 30GB, 128kbps",SIM VẬT LÝ,504000
WM-SM-T50-7D,WM-SM-T50-7D+1,"Singapore, Malaysia, 7 Days, 50GB, 128kbps",SIM VẬT LÝ,740000
WM-SM-T3-10D,WM-SM-T3-10D+1,"Singapore, Malaysia, 10 Days, 3GB, 128kbps",SIM VẬT LÝ,148000
WM-SM-T5-10D,WM-SM-T5-10D+1,"Singapore, Malaysia, 10 Days, 5GB, 128kbps",SIM VẬT LÝ,184000
WM-SM-T10-10D,WM-SM-T10-10D+1,"Singapore, Malaysia, 10 Days, 10GB, 128kbps",SIM VẬT LÝ,248000
WM-SM-T20-10D,WM-SM-T20-10D+1,"Singapore, Malaysia, 10 Days, 20GB, 128kbps",SIM VẬT LÝ,397000
WM-SM-T30-10D,WM-SM-T30-10D+1,"Singapore, Malaysia, 10 Days, 30GB, 128kbps",SIM VẬT LÝ,526000
WM-SM-T50-10D,WM-SM-T50-10D+1,"Singapore, Malaysia, 10 Days, 50GB, 128kbps",SIM VẬT LÝ,775000
WM-SM-T3-15D,WM-SM-T3-15D+1,"Singapore, Malaysia, 15 Days, 3GB, 128kbps",SIM VẬT LÝ,154000
WM-SM-T5-15D,WM-SM-T5-15D+1,"Singapore, Malaysia, 15 Days, 5GB, 128kbps",SIM VẬT LÝ,190000
WM-SM-T10-15D,WM-SM-T10-15D+1,"Singapore, Malaysia, 15 Days, 10GB, 128kbps",SIM VẬT LÝ,261000
WM-SM-T20-15D,WM-SM-T20-15D+1,"Singapore, Malaysia, 15 Days, 20GB, 128kbps",SIM VẬT LÝ,419000
WM-SM-T30-15D,WM-SM-T30-15D+1,"Singapore, Malaysia, 15 Days, 30GB, 128kbps",SIM VẬT LÝ,546000
WM-SM-T50-15D,WM-SM-T50-15D+1,"Singapore, Malaysia, 15 Days, 50GB, 128kbps",SIM VẬT LÝ,811000
WM-SM-T3-30D,WM-SM-T3-30D+1,"Singapore, Malaysia, 30 Days, 3GB, 128kbps",SIM VẬT LÝ,162000
WM-SM-T5-30D,WM-SM-T5-30D+1,"Singapore, Malaysia, 30 Days, 5GB, 128kbps",SIM VẬT LÝ,197000
WM-SM-T10-30D,WM-SM-T10-30D+1,"Singapore, Malaysia, 30 Days, 10GB, 128kbps",SIM VẬT LÝ,276000
WM-SM-T20-30D,WM-SM-T20-30D+1,"Singapore, Malaysia, 30 Days, 20GB, 128kbps",SIM VẬT LÝ,439000
WM-SM-T30-30D,WM-SM-T30-30D+1,"Singapore, Malaysia, 30 Days, 30GB, 128kbps",SIM VẬT LÝ,568000
WM-SM-T50-30D,WM-SM-T50-30D+1,"Singapore, Malaysia, 30 Days, 50GB, 128kbps",SIM VẬT LÝ,848000
WM-e-SIT-500MB-1D,WM-e-SIT-500MB-1D+1,"Singapore, Indonesia, Thailand, 1 Day, 500MB /day, 128kbps",ESIM,61000
WM-e-SIT-1GB-1D,WM-e-SIT-1GB-1D+1,"Singapore, Indonesia, Thailand, 1 Day, 1GB /day, 128kbps",ESIM,61000
WM-e-SIT-2GB-1D,WM-e-SIT-2GB-1D+1,"Singapore, Indonesia, Thailand, 1 Day, 2GB /day, 128kbps",ESIM,75000
WM-e-SIT-3GB-1D,WM-e-SIT-3GB-1D+1,"Singapore, Indonesia, Thailand, 1 Day, 3GB /day, 128kbps",ESIM,83000
WM-e-SIT-MAX-1D,WM-e-SIT-MAX-1D+1,"Singapore, Indonesia, Thailand, 1 Day, Unlimited data /day",ESIM,111000
WM-e-SIT-10MAX-1D,WM-e-SIT-10MAX-1D+1,"Singapore, Indonesia, Thailand, 1 Day, Premium unlimited data/day",ESIM,119000
WM-e-SIT-TI-1D,WM-e-SIT-TI-1D+1,"Singapore, Indonesia, Thailand, 1 Day, Titanium AYCE /day",ESIM,183000
WM-e-SIT-500MB-2D,WM-e-SIT-500MB-2D+1,"Singapore, Indonesia, Thailand, 2 Days, 500MB /day, 128kbps",ESIM,69000
WM-e-SIT-1GB-2D,WM-e-SIT-1GB-2D+1,"Singapore, Indonesia, Thailand, 2 Days, 1GB /day, 128kbps",ESIM,75000
WM-e-SIT-2GB-2D,WM-e-SIT-2GB-2D+1,"Singapore, Indonesia, Thailand, 2 Days, 2GB /day, 128kbps",ESIM,104000
WM-e-SIT-3GB-2D,WM-e-SIT-3GB-2D+1,"Singapore, Indonesia, Thailand, 2 Days, 3GB /day, 128kbps",ESIM,119000
WM-e-SIT-MAX-2D,WM-e-SIT-MAX-2D+1,"Singapore, Indonesia, Thailand, 2 Days, Unlimited data /day",ESIM,168000
WM-e-SIT-10MAX-2D,WM-e-SIT-10MAX-2D+1,"Singapore, Indonesia, Thailand, 2 Days, Premium unlimited data/day",ESIM,190000
WM-e-SIT-TI-2D,WM-e-SIT-TI-2D+1,"Singapore, Indonesia, Thailand, 2 Days, Titanium AYCE /day",ESIM,325000
WM-e-SIT-500MB-3D,WM-e-SIT-500MB-3D+1,"Singapore, Indonesia, Thailand, 3 Days, 500MB /day, 128kbps",ESIM,83000
WM-e-SIT-1GB-3D,WM-e-SIT-1GB-3D+1,"Singapore, Indonesia, Thailand, 3 Days, 1GB /day, 128kbps",ESIM,91000
WM-e-SIT-2GB-3D,WM-e-SIT-2GB-3D+1,"Singapore, Indonesia, Thailand, 3 Days, 2GB /day, 128kbps",ESIM,126000
WM-e-SIT-3GB-3D,WM-e-SIT-3GB-3D+1,"Singapore, Indonesia, Thailand, 3 Days, 3GB /day, 128kbps",ESIM,155000
WM-e-SIT-MAX-3D,WM-e-SIT-MAX-3D+1,"Singapore, Indonesia, Thailand, 3 Days, Unlimited data /day",ESIM,226000
WM-e-SIT-10MAX-3D,WM-e-SIT-10MAX-3D+1,"Singapore, Indonesia, Thailand, 3 Days, Premium unlimited data/day",ESIM,261000
WM-e-SIT-TI-3D,WM-e-SIT-TI-3D+1,"Singapore, Indonesia, Thailand, 3 Days, Titanium AYCE /day",ESIM,468000
WM-e-SIT-T3-3D,WM-e-SIT-T3-3D+1,"Singapore, Indonesia, Thailand, 3 Days, 3GB, 128kbps",ESIM,91000
WM-e-SIT-T5-3D,WM-e-SIT-T5-3D+1,"Singapore, Indonesia, Thailand, 3 Days, 5GB, 128kbps",ESIM,126000
WM-e-SIT-T10-3D,WM-e-SIT-T10-3D+1,"Singapore, Indonesia, Thailand, 3 Days, 10GB, 128kbps",ESIM,176000
WM-e-SIT-T20-3D,WM-e-SIT-T20-3D+1,"Singapore, Indonesia, Thailand, 3 Days, 20GB, 128kbps",ESIM,297000
WM-e-SIT-T30-3D,WM-e-SIT-T30-3D+1,"Singapore, Indonesia, Thailand, 3 Days, 30GB, 128kbps",ESIM,432000
WM-e-SIT-T50-3D,WM-e-SIT-T50-3D+1,"Singapore, Indonesia, Thailand, 3 Days, 50GB, 128kbps",ESIM,639000
WM-e-SIT-500MB-4D,WM-e-SIT-500MB-4D+1,"Singapore, Indonesia, Thailand, 4 Days, 500MB /day, 128kbps",ESIM,91000
WM-e-SIT-1GB-4D,WM-e-SIT-1GB-4D+1,"Singapore, Indonesia, Thailand, 4 Days, 1GB /day, 128kbps",ESIM,104000
WM-e-SIT-2GB-4D,WM-e-SIT-2GB-4D+1,"Singapore, Indonesia, Thailand, 4 Days, 2GB /day, 128kbps",ESIM,155000
WM-e-SIT-3GB-4D,WM-e-SIT-3GB-4D+1,"Singapore, Indonesia, Thailand, 4 Days, 3GB /day, 128kbps",ESIM,190000
WM-e-SIT-MAX-4D,WM-e-SIT-MAX-4D+1,"Singapore, Indonesia, Thailand, 4 Days, Unlimited data /day",ESIM,283000
WM-e-SIT-10MAX-4D,WM-e-SIT-10MAX-4D+1,"Singapore, Indonesia, Thailand, 4 Days, Premium unlimited data/day",ESIM,325000
WM-e-SIT-TI-4D,WM-e-SIT-TI-4D+1,"Singapore, Indonesia, Thailand, 4 Days, Titanium AYCE /day",ESIM,610000
WM-e-SIT-500MB-5D,WM-e-SIT-500MB-5D+1,"Singapore, Indonesia, Thailand, 5 Days, 500MB /day, 128kbps",ESIM,104000
WM-e-SIT-1GB-5D,WM-e-SIT-1GB-5D+1,"Singapore, Indonesia, Thailand, 5 Days, 1GB /day, 128kbps",ESIM,119000
WM-e-SIT-2GB-5D,WM-e-SIT-2GB-5D+1,"Singapore, Indonesia, Thailand, 5 Days, 2GB /day, 128kbps",ESIM,176000
WM-e-SIT-3GB-5D,WM-e-SIT-3GB-5D+1,"Singapore, Indonesia, Thailand, 5 Days, 3GB /day, 128kbps",ESIM,226000
WM-e-SIT-MAX-5D,WM-e-SIT-MAX-5D+1,"Singapore, Indonesia, Thailand, 5 Days, Unlimited data /day",ESIM,340000
WM-e-SIT-10MAX-5D,WM-e-SIT-10MAX-5D+1,"Singapore, Indonesia, Thailand, 5 Days, Premium unlimited data/day",ESIM,396000
WM-e-SIT-TI-5D,WM-e-SIT-TI-5D+1,"Singapore, Indonesia, Thailand, 5 Days, Titanium AYCE /day",ESIM,752000
WM-e-SIT-T3-5D,WM-e-SIT-T3-5D+1,"Singapore, Indonesia, Thailand, 5 Days, 3GB, 128kbps",ESIM,97000
WM-e-SIT-T5-5D,WM-e-SIT-T5-5D+1,"Singapore, Indonesia, Thailand, 5 Days, 5GB, 128kbps",ESIM,133000
WM-e-SIT-T10-5D,WM-e-SIT-T10-5D+1,"Singapore, Indonesia, Thailand, 5 Days, 10GB, 128kbps",ESIM,183000
WM-e-SIT-T20-5D,WM-e-SIT-T20-5D+1,"Singapore, Indonesia, Thailand, 5 Days, 20GB, 128kbps",ESIM,311000
WM-e-SIT-T30-5D,WM-e-SIT-T30-5D+1,"Singapore, Indonesia, Thailand, 5 Days, 30GB, 128kbps",ESIM,454000
WM-e-SIT-T50-5D,WM-e-SIT-T50-5D+1,"Singapore, Indonesia, Thailand, 5 Days, 50GB, 128kbps",ESIM,675000
WM-e-SIT-500MB-6D,WM-e-SIT-500MB-6D+1,"Singapore, Indonesia, Thailand, 6 Days, 500MB /day, 128kbps",ESIM,111000
WM-e-SIT-1GB-6D,WM-e-SIT-1GB-6D+1,"Singapore, Indonesia, Thailand, 6 Days, 1GB /day, 128kbps",ESIM,133000
WM-e-SIT-2GB-6D,WM-e-SIT-2GB-6D+1,"Singapore, Indonesia, Thailand, 6 Days, 2GB /day, 128kbps",ESIM,204000
WM-e-SIT-3GB-6D,WM-e-SIT-3GB-6D+1,"Singapore, Indonesia, Thailand, 6 Days, 3GB /day, 128kbps",ESIM,261000
WM-e-SIT-MAX-6D,WM-e-SIT-MAX-6D+1,"Singapore, Indonesia, Thailand, 6 Days, Unlimited data /day",ESIM,396000
WM-e-SIT-10MAX-6D,WM-e-SIT-10MAX-6D+1,"Singapore, Indonesia, Thailand, 6 Days, Premium unlimited data/day",ESIM,468000
WM-e-SIT-TI-6D,WM-e-SIT-TI-6D+1,"Singapore, Indonesia, Thailand, 6 Days, Titanium AYCE /day",ESIM,896000
WM-e-SIT-500MB-7D,WM-e-SIT-500MB-7D+1,"Singapore, Indonesia, Thailand, 7 Days, 500MB /day, 128kbps",ESIM,126000
WM-e-SIT-1GB-7D,WM-e-SIT-1GB-7D+1,"Singapore, Indonesia, Thailand, 7 Days, 1GB /day, 128kbps",ESIM,146000
WM-e-SIT-2GB-7D,WM-e-SIT-2GB-7D+1,"Singapore, Indonesia, Thailand, 7 Days, 2GB /day, 128kbps",ESIM,226000
WM-e-SIT-3GB-7D,WM-e-SIT-3GB-7D+1,"Singapore, Indonesia, Thailand, 7 Days, 3GB /day, 128kbps",ESIM,297000
WM-e-SIT-MAX-7D,WM-e-SIT-MAX-7D+1,"Singapore, Indonesia, Thailand, 7 Days, Unlimited data /day",ESIM,454000
WM-e-SIT-10MAX-7D,WM-e-SIT-10MAX-7D+1,"Singapore, Indonesia, Thailand, 7 Days, Premium unlimited data/day",ESIM,539000
WM-e-SIT-TI-7D,WM-e-SIT-TI-7D+1,"Singapore, Indonesia, Thailand, 7 Days, Titanium AYCE /day",ESIM,1038000
WM-e-SIT-T3-7D,WM-e-SIT-T3-7D+1,"Singapore, Indonesia, Thailand, 7 Days, 3GB, 128kbps",ESIM,104000
WM-e-SIT-T5-7D,WM-e-SIT-T5-7D+1,"Singapore, Indonesia, Thailand, 7 Days, 5GB, 128kbps",ESIM,140000
WM-e-SIT-T10-7D,WM-e-SIT-T10-7D+1,"Singapore, Indonesia, Thailand, 7 Days, 10GB, 128kbps",ESIM,198000
WM-e-SIT-T20-7D,WM-e-SIT-T20-7D+1,"Singapore, Indonesia, Thailand, 7 Days, 20GB, 128kbps",ESIM,333000
WM-e-SIT-T30-7D,WM-e-SIT-T30-7D+1,"Singapore, Indonesia, Thailand, 7 Days, 30GB, 128kbps",ESIM,475000
WM-e-SIT-T50-7D,WM-e-SIT-T50-7D+1,"Singapore, Indonesia, Thailand, 7 Days, 50GB, 128kbps",ESIM,711000
WM-e-SIT-500MB-8D,WM-e-SIT-500MB-8D+1,"Singapore, Indonesia, Thailand, 8 Days, 500MB /day, 128kbps",ESIM,133000
WM-e-SIT-1GB-8D,WM-e-SIT-1GB-8D+1,"Singapore, Indonesia, Thailand, 8 Days, 1GB /day, 128kbps",ESIM,162000
WM-e-SIT-2GB-8D,WM-e-SIT-2GB-8D+1,"Singapore, Indonesia, Thailand, 8 Days, 2GB /day, 128kbps",ESIM,254000
WM-e-SIT-3GB-8D,WM-e-SIT-3GB-8D+1,"Singapore, Indonesia, Thailand, 8 Days, 3GB /day, 128kbps",ESIM,325000
WM-e-SIT-MAX-8D,WM-e-SIT-MAX-8D+1,"Singapore, Indonesia, Thailand, 8 Days, Unlimited data /day",ESIM,511000
WM-e-SIT-10MAX-8D,WM-e-SIT-10MAX-8D+1,"Singapore, Indonesia, Thailand, 8 Days, Premium unlimited data/day",ESIM,604000
WM-e-SIT-TI-8D,WM-e-SIT-TI-8D+1,"Singapore, Indonesia, Thailand, 8 Days, Titanium AYCE /day",ESIM,1181000
WM-e-SIT-500MB-9D,WM-e-SIT-500MB-9D+1,"Singapore, Indonesia, Thailand, 9 Days, 500MB /day, 128kbps",ESIM,146000
WM-e-SIT-1GB-9D,WM-e-SIT-1GB-9D+1,"Singapore, Indonesia, Thailand, 9 Days, 1GB /day, 128kbps",ESIM,176000
WM-e-SIT-2GB-9D,WM-e-SIT-2GB-9D+1,"Singapore, Indonesia, Thailand, 9 Days, 2GB /day, 128kbps",ESIM,283000
WM-e-SIT-3GB-9D,WM-e-SIT-3GB-9D+1,"Singapore, Indonesia, Thailand, 9 Days, 3GB /day, 128kbps",ESIM,361000
WM-e-SIT-MAX-9D,WM-e-SIT-MAX-9D+1,"Singapore, Indonesia, Thailand, 9 Days, Unlimited data /day",ESIM,568000
WM-e-SIT-10MAX-9D,WM-e-SIT-10MAX-9D+1,"Singapore, Indonesia, Thailand, 9 Days, Premium unlimited data/day",ESIM,675000
WM-e-SIT-TI-9D,WM-e-SIT-TI-9D+1,"Singapore, Indonesia, Thailand, 9 Days, Titanium AYCE /day",ESIM,1323000
WM-e-SIT-500MB-10D,WM-e-SIT-500MB-10D+1,"Singapore, Indonesia, Thailand, 10 Days, 500MB /day, 128kbps",ESIM,155000
WM-e-SIT-1GB-10D,WM-e-SIT-1GB-10D+1,"Singapore, Indonesia, Thailand, 10 Days, 1GB /day, 128kbps",ESIM,190000
WM-e-SIT-2GB-10D,WM-e-SIT-2GB-10D+1,"Singapore, Indonesia, Thailand, 10 Days, 2GB /day, 128kbps",ESIM,304000
WM-e-SIT-3GB-10D,WM-e-SIT-3GB-10D+1,"Singapore, Indonesia, Thailand, 10 Days, 3GB /day, 128kbps",ESIM,396000
WM-e-SIT-MAX-10D,WM-e-SIT-MAX-10D+1,"Singapore, Indonesia, Thailand, 10 Days, Unlimited data /day",ESIM,632000
WM-e-SIT-10MAX-10D,WM-e-SIT-10MAX-10D+1,"Singapore, Indonesia, Thailand, 10 Days, Premium unlimited data/day",ESIM,746000
WM-e-SIT-TI-10D,WM-e-SIT-TI-10D+1,"Singapore, Indonesia, Thailand, 10 Days, Titanium AYCE /day",ESIM,1466000
WM-e-SIT-T3-10D,WM-e-SIT-T3-10D+1,"Singapore, Indonesia, Thailand, 10 Days, 3GB, 128kbps",ESIM,111000
WM-e-SIT-T5-10D,WM-e-SIT-T5-10D+1,"Singapore, Indonesia, Thailand, 10 Days, 5GB, 128kbps",ESIM,146000
WM-e-SIT-T10-10D,WM-e-SIT-T10-10D+1,"Singapore, Indonesia, Thailand, 10 Days, 10GB, 128kbps",ESIM,211000
WM-e-SIT-T20-10D,WM-e-SIT-T20-10D+1,"Singapore, Indonesia, Thailand, 10 Days, 20GB, 128kbps",ESIM,355000
WM-e-SIT-T30-10D,WM-e-SIT-T30-10D+1,"Singapore, Indonesia, Thailand, 10 Days, 30GB, 128kbps",ESIM,497000
WM-e-SIT-T50-10D,WM-e-SIT-T50-10D+1,"Singapore, Indonesia, Thailand, 10 Days, 50GB, 128kbps",ESIM,746000
WM-e-SIT-500MB-11D,WM-e-SIT-500MB-11D+1,"Singapore, Indonesia, Thailand, 11 Days, 500MB /day, 128kbps",ESIM,173000
WM-e-SIT-1GB-11D,WM-e-SIT-1GB-11D+1,"Singapore, Indonesia, Thailand, 11 Days, 1GB /day, 128kbps",ESIM,248000
WM-e-SIT-2GB-11D,WM-e-SIT-2GB-11D+1,"Singapore, Indonesia, Thailand, 11 Days, 2GB /day, 128kbps",ESIM,409000
WM-e-SIT-3GB-11D,WM-e-SIT-3GB-11D+1,"Singapore, Indonesia, Thailand, 11 Days, 3GB /day, 128kbps",ESIM,550000
WM-e-SIT-MAX-11D,WM-e-SIT-MAX-11D+1,"Singapore, Indonesia, Thailand, 11 Days, Unlimited data /day",ESIM,870000
WM-e-SIT-10MAX-11D,WM-e-SIT-10MAX-11D+1,"Singapore, Indonesia, Thailand, 11 Days, Premium unlimited data/day",ESIM,1058000
WM-e-SIT-TI-11D,WM-e-SIT-TI-11D+1,"Singapore, Indonesia, Thailand, 11 Days, Titanium AYCE /day",ESIM,1609000
WM-e-SIT-500MB-12D,WM-e-SIT-500MB-12D+1,"Singapore, Indonesia, Thailand, 12 Days, 500MB /day, 128kbps",ESIM,179000
WM-e-SIT-1GB-12D,WM-e-SIT-1GB-12D+1,"Singapore, Indonesia, Thailand, 12 Days, 1GB /day, 128kbps",ESIM,252000
WM-e-SIT-2GB-12D,WM-e-SIT-2GB-12D+1,"Singapore, Indonesia, Thailand, 12 Days, 2GB /day, 128kbps",ESIM,416000
WM-e-SIT-3GB-12D,WM-e-SIT-3GB-12D+1,"Singapore, Indonesia, Thailand, 12 Days, 3GB /day, 128kbps",ESIM,557000
WM-e-SIT-MAX-12D,WM-e-SIT-MAX-12D+1,"Singapore, Indonesia, Thailand, 12 Days, Unlimited data /day",ESIM,883000
WM-e-SIT-10MAX-12D,WM-e-SIT-10MAX-12D+1,"Singapore, Indonesia, Thailand, 12 Days, Premium unlimited data/day",ESIM,1066000
WM-e-SIT-TI-12D,WM-e-SIT-TI-12D+1,"Singapore, Indonesia, Thailand, 12 Days, Titanium AYCE /day",ESIM,1751000
WM-e-SIT-500MB-13D,WM-e-SIT-500MB-13D+1,"Singapore, Indonesia, Thailand, 13 Days, 500MB /day, 128kbps",ESIM,189000
WM-e-SIT-1GB-13D,WM-e-SIT-1GB-13D+1,"Singapore, Indonesia, Thailand, 13 Days, 1GB /day, 128kbps",ESIM,255000
WM-e-SIT-2GB-13D,WM-e-SIT-2GB-13D+1,"Singapore, Indonesia, Thailand, 13 Days, 2GB /day, 128kbps",ESIM,425000
WM-e-SIT-3GB-13D,WM-e-SIT-3GB-13D+1,"Singapore, Indonesia, Thailand, 13 Days, 3GB /day, 128kbps",ESIM,562000
WM-e-SIT-MAX-13D,WM-e-SIT-MAX-13D+1,"Singapore, Indonesia, Thailand, 13 Days, Unlimited data /day",ESIM,893000
WM-e-SIT-10MAX-13D,WM-e-SIT-10MAX-13D+1,"Singapore, Indonesia, Thailand, 13 Days, Premium unlimited data/day",ESIM,1074000
WM-e-SIT-TI-13D,WM-e-SIT-TI-13D+1,"Singapore, Indonesia, Thailand, 13 Days, Titanium AYCE /day",ESIM,1895000
WM-e-SIT-500MB-14D,WM-e-SIT-500MB-14D+1,"Singapore, Indonesia, Thailand, 14 Days, 500MB /day, 128kbps",ESIM,196000
WM-e-SIT-1GB-14D,WM-e-SIT-1GB-14D+1,"Singapore, Indonesia, Thailand, 14 Days, 1GB /day, 128kbps",ESIM,260000
WM-e-SIT-2GB-14D,WM-e-SIT-2GB-14D+1,"Singapore, Indonesia, Thailand, 14 Days, 2GB /day, 128kbps",ESIM,428000
WM-e-SIT-3GB-14D,WM-e-SIT-3GB-14D+1,"Singapore, Indonesia, Thailand, 14 Days, 3GB /day, 128kbps",ESIM,566000
WM-e-SIT-MAX-14D,WM-e-SIT-MAX-14D+1,"Singapore, Indonesia, Thailand, 14 Days, Unlimited data /day",ESIM,902000
WM-e-SIT-10MAX-14D,WM-e-SIT-10MAX-14D+1,"Singapore, Indonesia, Thailand, 14 Days, Premium unlimited data/day",ESIM,1084000
WM-e-SIT-TI-14D,WM-e-SIT-TI-14D+1,"Singapore, Indonesia, Thailand, 14 Days, Titanium AYCE /day",ESIM,2037000
WM-e-SIT-500MB-15D,WM-e-SIT-500MB-15D+1,"Singapore, Indonesia, Thailand, 15 Days, 500MB /day, 128kbps",ESIM,204000
WM-e-SIT-1GB-15D,WM-e-SIT-1GB-15D+1,"Singapore, Indonesia, Thailand, 15 Days, 1GB /day, 128kbps",ESIM,261000
WM-e-SIT-2GB-15D,WM-e-SIT-2GB-15D+1,"Singapore, Indonesia, Thailand, 15 Days, 2GB /day, 128kbps",ESIM,432000
WM-e-SIT-3GB-15D,WM-e-SIT-3GB-15D+1,"Singapore, Indonesia, Thailand, 15 Days, 3GB /day, 128kbps",ESIM,568000
WM-e-SIT-MAX-15D,WM-e-SIT-MAX-15D+1,"Singapore, Indonesia, Thailand, 15 Days, Unlimited data /day",ESIM,917000
WM-e-SIT-10MAX-15D,WM-e-SIT-10MAX-15D+1,"Singapore, Indonesia, Thailand, 15 Days, Premium unlimited data/day",ESIM,1090000
WM-e-SIT-TI-15D,WM-e-SIT-TI-15D+1,"Singapore, Indonesia, Thailand, 15 Days, Titanium AYCE /day",ESIM,2179000
WM-e-SIT-T3-15D,WM-e-SIT-T3-15D+1,"Singapore, Indonesia, Thailand, 15 Days, 3GB, 128kbps",ESIM,119000
WM-e-SIT-T5-15D,WM-e-SIT-T5-15D+1,"Singapore, Indonesia, Thailand, 15 Days, 5GB, 128kbps",ESIM,155000
WM-e-SIT-T10-15D,WM-e-SIT-T10-15D+1,"Singapore, Indonesia, Thailand, 15 Days, 10GB, 128kbps",ESIM,226000
WM-e-SIT-T20-15D,WM-e-SIT-T20-15D+1,"Singapore, Indonesia, Thailand, 15 Days, 20GB, 128kbps",ESIM,376000
WM-e-SIT-T30-15D,WM-e-SIT-T30-15D+1,"Singapore, Indonesia, Thailand, 15 Days, 30GB, 128kbps",ESIM,519000
WM-e-SIT-T50-15D,WM-e-SIT-T50-15D+1,"Singapore, Indonesia, Thailand, 15 Days, 50GB, 128kbps",ESIM,783000
WM-e-SIT-500MB-16D,WM-e-SIT-500MB-16D+1,"Singapore, Indonesia, Thailand, 16 Days, 500MB /day, 128kbps",ESIM,236000
WM-e-SIT-1GB-16D,WM-e-SIT-1GB-16D+1,"Singapore, Indonesia, Thailand, 16 Days, 1GB /day, 128kbps",ESIM,308000
WM-e-SIT-2GB-16D,WM-e-SIT-2GB-16D+1,"Singapore, Indonesia, Thailand, 16 Days, 2GB /day, 128kbps",ESIM,534000
WM-e-SIT-3GB-16D,WM-e-SIT-3GB-16D+1,"Singapore, Indonesia, Thailand, 16 Days, 3GB /day, 128kbps",ESIM,719000
WM-e-SIT-MAX-16D,WM-e-SIT-MAX-16D+1,"Singapore, Indonesia, Thailand, 16 Days, Unlimited data /day",ESIM,1168000
WM-e-SIT-10MAX-16D,WM-e-SIT-10MAX-16D+1,"Singapore, Indonesia, Thailand, 16 Days, Premium unlimited data/day",ESIM,1420000
WM-e-SIT-TI-16D,WM-e-SIT-TI-16D+1,"Singapore, Indonesia, Thailand, 16 Days, Titanium AYCE /day",ESIM,2322000
WM-e-SIT-500MB-17D,WM-e-SIT-500MB-17D+1,"Singapore, Indonesia, Thailand, 17 Days, 500MB /day, 128kbps",ESIM,243000
WM-e-SIT-1GB-17D,WM-e-SIT-1GB-17D+1,"Singapore, Indonesia, Thailand, 17 Days, 1GB /day, 128kbps",ESIM,314000
WM-e-SIT-2GB-17D,WM-e-SIT-2GB-17D+1,"Singapore, Indonesia, Thailand, 17 Days, 2GB /day, 128kbps",ESIM,540000
WM-e-SIT-3GB-17D,WM-e-SIT-3GB-17D+1,"Singapore, Indonesia, Thailand, 17 Days, 3GB /day, 128kbps",ESIM,727000
WM-e-SIT-MAX-17D,WM-e-SIT-MAX-17D+1,"Singapore, Indonesia, Thailand, 17 Days, Unlimited data /day",ESIM,1183000
WM-e-SIT-10MAX-17D,WM-e-SIT-10MAX-17D+1,"Singapore, Indonesia, Thailand, 17 Days, Premium unlimited data/day",ESIM,1427000
WM-e-SIT-TI-17D,WM-e-SIT-TI-17D+1,"Singapore, Indonesia, Thailand, 17 Days, Titanium AYCE /day",ESIM,2464000
WM-e-SIT-500MB-18D,WM-e-SIT-500MB-18D+1,"Singapore, Indonesia, Thailand, 18 Days, 500MB /day, 128kbps",ESIM,252000
WM-e-SIT-1GB-18D,WM-e-SIT-1GB-18D+1,"Singapore, Indonesia, Thailand, 18 Days, 1GB /day, 128kbps",ESIM,317000
WM-e-SIT-2GB-18D,WM-e-SIT-2GB-18D+1,"Singapore, Indonesia, Thailand, 18 Days, 2GB /day, 128kbps",ESIM,548000
WM-e-SIT-3GB-18D,WM-e-SIT-3GB-18D+1,"Singapore, Indonesia, Thailand, 18 Days, 3GB /day, 128kbps",ESIM,733000
WM-e-SIT-MAX-18D,WM-e-SIT-MAX-18D+1,"Singapore, Indonesia, Thailand, 18 Days, Unlimited data /day",ESIM,1192000
WM-e-SIT-10MAX-18D,WM-e-SIT-10MAX-18D+1,"Singapore, Indonesia, Thailand, 18 Days, Premium unlimited data/day",ESIM,1432000
WM-e-SIT-TI-18D,WM-e-SIT-TI-18D+1,"Singapore, Indonesia, Thailand, 18 Days, Titanium AYCE /day",ESIM,2608000
WM-e-SIT-500MB-19D,WM-e-SIT-500MB-19D+1,"Singapore, Indonesia, Thailand, 19 Days, 500MB /day, 128kbps",ESIM,260000
WM-e-SIT-1GB-19D,WM-e-SIT-1GB-19D+1,"Singapore, Indonesia, Thailand, 19 Days, 1GB /day, 128kbps",ESIM,322000
WM-e-SIT-2GB-19D,WM-e-SIT-2GB-19D+1,"Singapore, Indonesia, Thailand, 19 Days, 2GB /day, 128kbps",ESIM,557000
WM-e-SIT-3GB-19D,WM-e-SIT-3GB-19D+1,"Singapore, Indonesia, Thailand, 19 Days, 3GB /day, 128kbps",ESIM,739000
WM-e-SIT-MAX-19D,WM-e-SIT-MAX-19D+1,"Singapore, Indonesia, Thailand, 19 Days, Unlimited data /day",ESIM,1199000
WM-e-SIT-10MAX-19D,WM-e-SIT-10MAX-19D+1,"Singapore, Indonesia, Thailand, 19 Days, Premium unlimited data/day",ESIM,1436000
WM-e-SIT-TI-19D,WM-e-SIT-TI-19D+1,"Singapore, Indonesia, Thailand, 19 Days, Titanium AYCE /day",ESIM,2750000
WM-e-SIT-500MB-20D,WM-e-SIT-500MB-20D+1,"Singapore, Indonesia, Thailand, 20 Days, 500MB /day, 128kbps",ESIM,261000
WM-e-SIT-1GB-20D,WM-e-SIT-1GB-20D+1,"Singapore, Indonesia, Thailand, 20 Days, 1GB /day, 128kbps",ESIM,325000
WM-e-SIT-2GB-20D,WM-e-SIT-2GB-20D+1,"Singapore, Indonesia, Thailand, 20 Days, 2GB /day, 128kbps",ESIM,561000
WM-e-SIT-3GB-20D,WM-e-SIT-3GB-20D+1,"Singapore, Indonesia, Thailand, 20 Days, 3GB /day, 128kbps",ESIM,746000
WM-e-SIT-MAX-20D,WM-e-SIT-MAX-20D+1,"Singapore, Indonesia, Thailand, 20 Days, Unlimited data /day",ESIM,1210000
WM-e-SIT-10MAX-20D,WM-e-SIT-10MAX-20D+1,"Singapore, Indonesia, Thailand, 20 Days, Premium unlimited data/day",ESIM,1438000
WM-e-SIT-TI-20D,WM-e-SIT-TI-20D+1,"Singapore, Indonesia, Thailand, 20 Days, Titanium AYCE /day",ESIM,2892000
WM-e-SIT-500MB-21D,WM-e-SIT-500MB-21D+1,"Singapore, Indonesia, Thailand, 21 Days, 500MB /day, 128kbps",ESIM,302000
WM-e-SIT-1GB-21D,WM-e-SIT-1GB-21D+1,"Singapore, Indonesia, Thailand, 21 Days, 1GB /day, 128kbps",ESIM,426000
WM-e-SIT-2GB-21D,WM-e-SIT-2GB-21D+1,"Singapore, Indonesia, Thailand, 21 Days, 2GB /day, 128kbps",ESIM,746000
WM-e-SIT-3GB-21D,WM-e-SIT-3GB-21D+1,"Singapore, Indonesia, Thailand, 21 Days, 3GB /day, 128kbps",ESIM,1027000
WM-e-SIT-MAX-21D,WM-e-SIT-MAX-21D+1,"Singapore, Indonesia, Thailand, 21 Days, Unlimited data /day",ESIM,1638000
WM-e-SIT-10MAX-21D,WM-e-SIT-10MAX-21D+1,"Singapore, Indonesia, Thailand, 21 Days, Premium unlimited data/day",ESIM,2095000
WM-e-SIT-TI-21D,WM-e-SIT-TI-21D+1,"Singapore, Indonesia, Thailand, 21 Days, Titanium AYCE /day",ESIM,3036000
WM-e-SIT-500MB-22D,WM-e-SIT-500MB-22D+1,"Singapore, Indonesia, Thailand, 22 Days, 500MB /day, 128kbps",ESIM,307000
WM-e-SIT-1GB-22D,WM-e-SIT-1GB-22D+1,"Singapore, Indonesia, Thailand, 22 Days, 1GB /day, 128kbps",ESIM,432000
WM-e-SIT-2GB-22D,WM-e-SIT-2GB-22D+1,"Singapore, Indonesia, Thailand, 22 Days, 2GB /day, 128kbps",ESIM,752000
WM-e-SIT-3GB-22D,WM-e-SIT-3GB-22D+1,"Singapore, Indonesia, Thailand, 22 Days, 3GB /day, 128kbps",ESIM,1038000
WM-e-SIT-MAX-22D,WM-e-SIT-MAX-22D+1,"Singapore, Indonesia, Thailand, 22 Days, Unlimited data /day",ESIM,1663000
WM-e-SIT-10MAX-22D,WM-e-SIT-10MAX-22D+1,"Singapore, Indonesia, Thailand, 22 Days, Premium unlimited data/day",ESIM,2097000
WM-e-SIT-TI-22D,WM-e-SIT-TI-22D+1,"Singapore, Indonesia, Thailand, 22 Days, Titanium AYCE /day",ESIM,3178000
WM-e-SIT-500MB-23D,WM-e-SIT-500MB-23D+1,"Singapore, Indonesia, Thailand, 23 Days, 500MB /day, 128kbps",ESIM,311000
WM-e-SIT-1GB-23D,WM-e-SIT-1GB-23D+1,"Singapore, Indonesia, Thailand, 23 Days, 1GB /day, 128kbps",ESIM,437000
WM-e-SIT-2GB-23D,WM-e-SIT-2GB-23D+1,"Singapore, Indonesia, Thailand, 23 Days, 2GB /day, 128kbps",ESIM,761000
WM-e-SIT-3GB-23D,WM-e-SIT-3GB-23D+1,"Singapore, Indonesia, Thailand, 23 Days, 3GB /day, 128kbps",ESIM,1046000
WM-e-SIT-MAX-23D,WM-e-SIT-MAX-23D+1,"Singapore, Indonesia, Thailand, 23 Days, Unlimited data /day",ESIM,1679000
WM-e-SIT-10MAX-23D,WM-e-SIT-10MAX-23D+1,"Singapore, Indonesia, Thailand, 23 Days, Premium unlimited data/day",ESIM,2102000
WM-e-SIT-TI-23D,WM-e-SIT-TI-23D+1,"Singapore, Indonesia, Thailand, 23 Days, Titanium AYCE /day",ESIM,3321000
WM-e-SIT-500MB-24D,WM-e-SIT-500MB-24D+1,"Singapore, Indonesia, Thailand, 24 Days, 500MB /day, 128kbps",ESIM,322000
WM-e-SIT-1GB-24D,WM-e-SIT-1GB-24D+1,"Singapore, Indonesia, Thailand, 24 Days, 1GB /day, 128kbps",ESIM,443000
WM-e-SIT-2GB-24D,WM-e-SIT-2GB-24D+1,"Singapore, Indonesia, Thailand, 24 Days, 2GB /day, 128kbps",ESIM,768000
WM-e-SIT-3GB-24D,WM-e-SIT-3GB-24D+1,"Singapore, Indonesia, Thailand, 24 Days, 3GB /day, 128kbps",ESIM,1050000
WM-e-SIT-MAX-24D,WM-e-SIT-MAX-24D+1,"Singapore, Indonesia, Thailand, 24 Days, Unlimited data /day",ESIM,1698000
WM-e-SIT-10MAX-24D,WM-e-SIT-10MAX-24D+1,"Singapore, Indonesia, Thailand, 24 Days, Premium unlimited data/day",ESIM,2107000
WM-e-SIT-TI-24D,WM-e-SIT-TI-24D+1,"Singapore, Indonesia, Thailand, 24 Days, Titanium AYCE /day",ESIM,3463000
WM-e-SIT-500MB-25D,WM-e-SIT-500MB-25D+1,"Singapore, Indonesia, Thailand, 25 Days, 500MB /day, 128kbps",ESIM,330000
WM-e-SIT-1GB-25D,WM-e-SIT-1GB-25D+1,"Singapore, Indonesia, Thailand, 25 Days, 1GB /day, 128kbps",ESIM,448000
WM-e-SIT-2GB-25D,WM-e-SIT-2GB-25D+1,"Singapore, Indonesia, Thailand, 25 Days, 2GB /day, 128kbps",ESIM,776000
WM-e-SIT-3GB-25D,WM-e-SIT-3GB-25D+1,"Singapore, Indonesia, Thailand, 25 Days, 3GB /day, 128kbps",ESIM,1058000
WM-e-SIT-MAX-25D,WM-e-SIT-MAX-25D+1,"Singapore, Indonesia, Thailand, 25 Days, Unlimited data /day",ESIM,1716000
WM-e-SIT-10MAX-25D,WM-e-SIT-10MAX-25D+1,"Singapore, Indonesia, Thailand, 25 Days, Premium unlimited data/day",ESIM,2110000
WM-e-SIT-TI-25D,WM-e-SIT-TI-25D+1,"Singapore, Indonesia, Thailand, 25 Days, Titanium AYCE /day",ESIM,3605000
WM-e-SIT-500MB-26D,WM-e-SIT-500MB-26D+1,"Singapore, Indonesia, Thailand, 26 Days, 500MB /day, 128kbps",ESIM,337000
WM-e-SIT-1GB-26D,WM-e-SIT-1GB-26D+1,"Singapore, Indonesia, Thailand, 26 Days, 1GB /day, 128kbps",ESIM,450000
WM-e-SIT-2GB-26D,WM-e-SIT-2GB-26D+1,"Singapore, Indonesia, Thailand, 26 Days, 2GB /day, 128kbps",ESIM,783000
WM-e-SIT-3GB-26D,WM-e-SIT-3GB-26D+1,"Singapore, Indonesia, Thailand, 26 Days, 3GB /day, 128kbps",ESIM,1064000
WM-e-SIT-MAX-26D,WM-e-SIT-MAX-26D+1,"Singapore, Indonesia, Thailand, 26 Days, Unlimited data /day",ESIM,1733000
WM-e-SIT-10MAX-26D,WM-e-SIT-10MAX-26D+1,"Singapore, Indonesia, Thailand, 26 Days, Premium unlimited data/day",ESIM,2113000
WM-e-SIT-TI-26D,WM-e-SIT-TI-26D+1,"Singapore, Indonesia, Thailand, 26 Days, Titanium AYCE /day",ESIM,3749000
WM-e-SIT-500MB-27D,WM-e-SIT-500MB-27D+1,"Singapore, Indonesia, Thailand, 27 Days, 500MB /day, 128kbps",ESIM,344000
WM-e-SIT-1GB-27D,WM-e-SIT-1GB-27D+1,"Singapore, Indonesia, Thailand, 27 Days, 1GB /day, 128kbps",ESIM,455000
WM-e-SIT-2GB-27D,WM-e-SIT-2GB-27D+1,"Singapore, Indonesia, Thailand, 27 Days, 2GB /day, 128kbps",ESIM,790000
WM-e-SIT-3GB-27D,WM-e-SIT-3GB-27D+1,"Singapore, Indonesia, Thailand, 27 Days, 3GB /day, 128kbps",ESIM,1073000
WM-e-SIT-MAX-27D,WM-e-SIT-MAX-27D+1,"Singapore, Indonesia, Thailand, 27 Days, Unlimited data /day",ESIM,1756000
WM-e-SIT-10MAX-27D,WM-e-SIT-10MAX-27D+1,"Singapore, Indonesia, Thailand, 27 Days, Premium unlimited data/day",ESIM,2117000
WM-e-SIT-TI-27D,WM-e-SIT-TI-27D+1,"Singapore, Indonesia, Thailand, 27 Days, Titanium AYCE /day",ESIM,3891000
WM-e-SIT-500MB-28D,WM-e-SIT-500MB-28D+1,"Singapore, Indonesia, Thailand, 28 Days, 500MB /day, 128kbps",ESIM,352000
WM-e-SIT-1GB-28D,WM-e-SIT-1GB-28D+1,"Singapore, Indonesia, Thailand, 28 Days, 1GB /day, 128kbps",ESIM,458000
WM-e-SIT-2GB-28D,WM-e-SIT-2GB-28D+1,"Singapore, Indonesia, Thailand, 28 Days, 2GB /day, 128kbps",ESIM,799000
WM-e-SIT-3GB-28D,WM-e-SIT-3GB-28D+1,"Singapore, Indonesia, Thailand, 28 Days, 3GB /day, 128kbps",ESIM,1076000
WM-e-SIT-MAX-28D,WM-e-SIT-MAX-28D+1,"Singapore, Indonesia, Thailand, 28 Days, Unlimited data /day",ESIM,1764000
WM-e-SIT-10MAX-28D,WM-e-SIT-10MAX-28D+1,"Singapore, Indonesia, Thailand, 28 Days, Premium unlimited data/day",ESIM,2123000
WM-e-SIT-TI-28D,WM-e-SIT-TI-28D+1,"Singapore, Indonesia, Thailand, 28 Days, Titanium AYCE /day",ESIM,4034000
WM-e-SIT-500MB-29D,WM-e-SIT-500MB-29D+1,"Singapore, Indonesia, Thailand, 29 Days, 500MB /day, 128kbps",ESIM,358000
WM-e-SIT-1GB-29D,WM-e-SIT-1GB-29D+1,"Singapore, Indonesia, Thailand, 29 Days, 1GB /day, 128kbps",ESIM,463000
WM-e-SIT-2GB-29D,WM-e-SIT-2GB-29D+1,"Singapore, Indonesia, Thailand, 29 Days, 2GB /day, 128kbps",ESIM,807000
WM-e-SIT-3GB-29D,WM-e-SIT-3GB-29D+1,"Singapore, Indonesia, Thailand, 29 Days, 3GB /day, 128kbps",ESIM,1084000
WM-e-SIT-MAX-29D,WM-e-SIT-MAX-29D+1,"Singapore, Indonesia, Thailand, 29 Days, Unlimited data /day",ESIM,1779000
WM-e-SIT-10MAX-29D,WM-e-SIT-10MAX-29D+1,"Singapore, Indonesia, Thailand, 29 Days, Premium unlimited data/day",ESIM,2127000
WM-e-SIT-TI-29D,WM-e-SIT-TI-29D+1,"Singapore, Indonesia, Thailand, 29 Days, Titanium AYCE /day",ESIM,4176000
WM-e-SIT-500MB-30D,WM-e-SIT-500MB-30D+1,"Singapore, Indonesia, Thailand, 30 Days, 500MB /day, 128kbps",ESIM,361000
WM-e-SIT-1GB-30D,WM-e-SIT-1GB-30D+1,"Singapore, Indonesia, Thailand, 30 Days, 1GB /day, 128kbps",ESIM,468000
WM-e-SIT-2GB-30D,WM-e-SIT-2GB-30D+1,"Singapore, Indonesia, Thailand, 30 Days, 2GB /day, 128kbps",ESIM,810000
WM-e-SIT-3GB-30D,WM-e-SIT-3GB-30D+1,"Singapore, Indonesia, Thailand, 30 Days, 3GB /day, 128kbps",ESIM,1090000
WM-e-SIT-MAX-30D,WM-e-SIT-MAX-30D+1,"Singapore, Indonesia, Thailand, 30 Days, Unlimited data /day",ESIM,1787000
WM-e-SIT-10MAX-30D,WM-e-SIT-10MAX-30D+1,"Singapore, Indonesia, Thailand, 30 Days, Premium unlimited data/day",ESIM,2130000
WM-e-SIT-TI-30D,WM-e-SIT-TI-30D+1,"Singapore, Indonesia, Thailand, 30 Days, Titanium AYCE /day",ESIM,4319000
WM-e-SIT-T3-30D,WM-e-SIT-T3-30D+1,"Singapore, Indonesia, Thailand, 30 Days, 3GB, 128kbps",ESIM,126000
WM-e-SIT-T5-30D,WM-e-SIT-T5-30D+1,"Singapore, Indonesia, Thailand, 30 Days, 5GB, 128kbps",ESIM,162000
WM-e-SIT-T10-30D,WM-e-SIT-T10-30D+1,"Singapore, Indonesia, Thailand, 30 Days, 10GB, 128kbps",ESIM,239000
WM-e-SIT-T20-30D,WM-e-SIT-T20-30D+1,"Singapore, Indonesia, Thailand, 30 Days, 20GB, 128kbps",ESIM,396000
WM-e-SIT-T30-30D,WM-e-SIT-T30-30D+1,"Singapore, Indonesia, Thailand, 30 Days, 30GB, 128kbps",ESIM,539000
WM-e-SIT-T50-30D,WM-e-SIT-T50-30D+1,"Singapore, Indonesia, Thailand, 30 Days, 50GB, 128kbps",ESIM,817000
WM-SIT-500MB,WM-SIT-500MB+1,"Singapore, Indonesia, Thailand, 500MB /day, 128kbps",SIM VẬT LÝ,95000
WM-SIT-1GB,WM-SIT-1GB+1,"Singapore, Indonesia, Thailand, 1GB /day, 128kbps",SIM VẬT LÝ,98000
WM-SIT-2GB,WM-SIT-2GB+1,"Singapore, Indonesia, Thailand, 2GB /day, 128kbps",SIM VẬT LÝ,110000
WM-SIT-3GB,WM-SIT-3GB+1,"Singapore, Indonesia, Thailand, 3GB /day, 128kbps",SIM VẬT LÝ,120000
WM-SIT-MAX,WM-SIT-MAX+1,"Singapore, Indonesia, Thailand, Unlimited data /day",SIM VẬT LÝ,137000
WM-SIT-TI,WM-SIT-TI+1,"Singapore, Indonesia, Thailand, Titanium AYCE /day",SIM VẬT LÝ,217000
WM-SIT-500MB,WM-SIT-500MB+2,"Singapore, Indonesia, Thailand, 500MB /day, 128kbps",SIM VẬT LÝ,108000
WM-SIT-1GB,WM-SIT-1GB+2,"Singapore, Indonesia, Thailand, 1GB /day, 128kbps",SIM VẬT LÝ,114000
WM-SIT-2GB,WM-SIT-2GB+2,"Singapore, Indonesia, Thailand, 2GB /day, 128kbps",SIM VẬT LÝ,138000
WM-SIT-3GB,WM-SIT-3GB+2,"Singapore, Indonesia, Thailand, 3GB /day, 128kbps",SIM VẬT LÝ,157000
WM-SIT-MAX,WM-SIT-MAX+2,"Singapore, Indonesia, Thailand, Unlimited data /day",SIM VẬT LÝ,191000
WM-SIT-TI,WM-SIT-TI+2,"Singapore, Indonesia, Thailand, Titanium AYCE /day",SIM VẬT LÝ,352000
WM-SIT-500MB,WM-SIT-500MB+3,"Singapore, Indonesia, Thailand, 500MB /day, 128kbps",SIM VẬT LÝ,120000
WM-SIT-1GB,WM-SIT-1GB+3,"Singapore, Indonesia, Thailand, 1GB /day, 128kbps",SIM VẬT LÝ,130000
WM-SIT-2GB,WM-SIT-2GB+3,"Singapore, Indonesia, Thailand, 2GB /day, 128kbps",SIM VẬT LÝ,167000
WM-SIT-3GB,WM-SIT-3GB+3,"Singapore, Indonesia, Thailand, 3GB /day, 128kbps",SIM VẬT LÝ,195000
WM-SIT-MAX,WM-SIT-MAX+3,"Singapore, Indonesia, Thailand, Unlimited data /day",SIM VẬT LÝ,245000
WM-SIT-TI,WM-SIT-TI+3,"Singapore, Indonesia, Thailand, Titanium AYCE /day",SIM VẬT LÝ,487000
WM-SIT-500MB,WM-SIT-500MB+4,"Singapore, Indonesia, Thailand, 500MB /day, 128kbps",SIM VẬT LÝ,132000
WM-SIT-1GB,WM-SIT-1GB+4,"Singapore, Indonesia, Thailand, 1GB /day, 128kbps",SIM VẬT LÝ,145000
WM-SIT-2GB,WM-SIT-2GB+4,"Singapore, Indonesia, Thailand, 2GB /day, 128kbps",SIM VẬT LÝ,195000
WM-SIT-3GB,WM-SIT-3GB+4,"Singapore, Indonesia, Thailand, 3GB /day, 128kbps",SIM VẬT LÝ,232000
WM-SIT-MAX,WM-SIT-MAX+4,"Singapore, Indonesia, Thailand, Unlimited data /day",SIM VẬT LÝ,299000
WM-SIT-TI,WM-SIT-TI+4,"Singapore, Indonesia, Thailand, Titanium AYCE /day",SIM VẬT LÝ,622000
WM-SIT-500MB,WM-SIT-500MB+5,"Singapore, Indonesia, Thailand, 500MB /day, 128kbps",SIM VẬT LÝ,145000
WM-SIT-1GB,WM-SIT-1GB+5,"Singapore, Indonesia, Thailand, 1GB /day, 128kbps",SIM VẬT LÝ,160000
WM-SIT-2GB,WM-SIT-2GB+5,"Singapore, Indonesia, Thailand, 2GB /day, 128kbps",SIM VẬT LÝ,222000
WM-SIT-3GB,WM-SIT-3GB+5,"Singapore, Indonesia, Thailand, 3GB /day, 128kbps",SIM VẬT LÝ,269000
WM-SIT-MAX,WM-SIT-MAX+5,"Singapore, Indonesia, Thailand, Unlimited data /day",SIM VẬT LÝ,354000
WM-SIT-TI,WM-SIT-TI+5,"Singapore, Indonesia, Thailand, Titanium AYCE /day",SIM VẬT LÝ,757000
WM-SIT-500MB,WM-SIT-500MB+6,"Singapore, Indonesia, Thailand, 500MB /day, 128kbps",SIM VẬT LÝ,157000
WM-SIT-1GB,WM-SIT-1GB+6,"Singapore, Indonesia, Thailand, 1GB /day, 128kbps",SIM VẬT LÝ,175000
WM-SIT-2GB,WM-SIT-2GB+6,"Singapore, Indonesia, Thailand, 2GB /day, 128kbps",SIM VẬT LÝ,250000
WM-SIT-3GB,WM-SIT-3GB+6,"Singapore, Indonesia, Thailand, 3GB /day, 128kbps",SIM VẬT LÝ,305000
WM-SIT-MAX,WM-SIT-MAX+6,"Singapore, Indonesia, Thailand, Unlimited data /day",SIM VẬT LÝ,408000
WM-SIT-TI,WM-SIT-TI+6,"Singapore, Indonesia, Thailand, Titanium AYCE /day",SIM VẬT LÝ,892000
WM-SIT-500MB,WM-SIT-500MB+7,"Singapore, Indonesia, Thailand, 500MB /day, 128kbps",SIM VẬT LÝ,169000
WM-SIT-1GB,WM-SIT-1GB+7,"Singapore, Indonesia, Thailand, 1GB /day, 128kbps",SIM VẬT LÝ,191000
WM-SIT-2GB,WM-SIT-2GB+7,"Singapore, Indonesia, Thailand, 2GB /day, 128kbps",SIM VẬT LÝ,278000
WM-SIT-3GB,WM-SIT-3GB+7,"Singapore, Indonesia, Thailand, 3GB /day, 128kbps",SIM VẬT LÝ,343000
WM-SIT-MAX,WM-SIT-MAX+7,"Singapore, Indonesia, Thailand, Unlimited data /day",SIM VẬT LÝ,462000
WM-SIT-TI,WM-SIT-TI+7,"Singapore, Indonesia, Thailand, Titanium AYCE /day",SIM VẬT LÝ,1027000
WM-SIT-500MB,WM-SIT-500MB+8,"Singapore, Indonesia, Thailand, 500MB /day, 128kbps",SIM VẬT LÝ,181000
WM-SIT-1GB,WM-SIT-1GB+8,"Singapore, Indonesia, Thailand, 1GB /day, 128kbps",SIM VẬT LÝ,207000
WM-SIT-2GB,WM-SIT-2GB+8,"Singapore, Indonesia, Thailand, 2GB /day, 128kbps",SIM VẬT LÝ,305000
WM-SIT-3GB,WM-SIT-3GB+8,"Singapore, Indonesia, Thailand, 3GB /day, 128kbps",SIM VẬT LÝ,380000
WM-SIT-MAX,WM-SIT-MAX+8,"Singapore, Indonesia, Thailand, Unlimited data /day",SIM VẬT LÝ,516000
WM-SIT-TI,WM-SIT-TI+8,"Singapore, Indonesia, Thailand, Titanium AYCE /day",SIM VẬT LÝ,1162000
WM-SIT-500MB,WM-SIT-500MB+9,"Singapore, Indonesia, Thailand, 500MB /day, 128kbps",SIM VẬT LÝ,195000
WM-SIT-1GB,WM-SIT-1GB+9,"Singapore, Indonesia, Thailand, 1GB /day, 128kbps",SIM VẬT LÝ,222000
WM-SIT-2GB,WM-SIT-2GB+9,"Singapore, Indonesia, Thailand, 2GB /day, 128kbps",SIM VẬT LÝ,334000
WM-SIT-3GB,WM-SIT-3GB+9,"Singapore, Indonesia, Thailand, 3GB /day, 128kbps",SIM VẬT LÝ,417000
WM-SIT-MAX,WM-SIT-MAX+9,"Singapore, Indonesia, Thailand, Unlimited data /day",SIM VẬT LÝ,572000
WM-SIT-TI,WM-SIT-TI+9,"Singapore, Indonesia, Thailand, Titanium AYCE /day",SIM VẬT LÝ,1297000
WM-SIT-500MB,WM-SIT-500MB+10,"Singapore, Indonesia, Thailand, 500MB /day, 128kbps",SIM VẬT LÝ,207000
WM-SIT-1GB,WM-SIT-1GB+10,"Singapore, Indonesia, Thailand, 1GB /day, 128kbps",SIM VẬT LÝ,238000
WM-SIT-2GB,WM-SIT-2GB+10,"Singapore, Indonesia, Thailand, 2GB /day, 128kbps",SIM VẬT LÝ,362000
WM-SIT-3GB,WM-SIT-3GB+10,"Singapore, Indonesia, Thailand, 3GB /day, 128kbps",SIM VẬT LÝ,455000
WM-SIT-MAX,WM-SIT-MAX+10,"Singapore, Indonesia, Thailand, Unlimited data /day",SIM VẬT LÝ,626000
WM-SIT-TI,WM-SIT-TI+10,"Singapore, Indonesia, Thailand, Titanium AYCE /day",SIM VẬT LÝ,1432000
WM-SIT-500MB,WM-SIT-500MB+11,"Singapore, Indonesia, Thailand, 500MB /day, 128kbps",SIM VẬT LÝ,219000
WM-SIT-1GB,WM-SIT-1GB+11,"Singapore, Indonesia, Thailand, 1GB /day, 128kbps",SIM VẬT LÝ,254000
WM-SIT-2GB,WM-SIT-2GB+11,"Singapore, Indonesia, Thailand, 2GB /day, 128kbps",SIM VẬT LÝ,390000
WM-SIT-3GB,WM-SIT-3GB+11,"Singapore, Indonesia, Thailand, 3GB /day, 128kbps",SIM VẬT LÝ,492000
WM-SIT-MAX,WM-SIT-MAX+11,"Singapore, Indonesia, Thailand, Unlimited data /day",SIM VẬT LÝ,680000
WM-SIT-TI,WM-SIT-TI+11,"Singapore, Indonesia, Thailand, Titanium AYCE /day",SIM VẬT LÝ,1567000
WM-SIT-500MB,WM-SIT-500MB+12,"Singapore, Indonesia, Thailand, 500MB /day, 128kbps",SIM VẬT LÝ,232000
WM-SIT-1GB,WM-SIT-1GB+12,"Singapore, Indonesia, Thailand, 1GB /day, 128kbps",SIM VẬT LÝ,269000
WM-SIT-2GB,WM-SIT-2GB+12,"Singapore, Indonesia, Thailand, 2GB /day, 128kbps",SIM VẬT LÝ,417000
WM-SIT-3GB,WM-SIT-3GB+12,"Singapore, Indonesia, Thailand, 3GB /day, 128kbps",SIM VẬT LÝ,530000
WM-SIT-MAX,WM-SIT-MAX+12,"Singapore, Indonesia, Thailand, Unlimited data /day",SIM VẬT LÝ,734000
WM-SIT-TI,WM-SIT-TI+12,"Singapore, Indonesia, Thailand, Titanium AYCE /day",SIM VẬT LÝ,1702000
WM-SIT-500MB,WM-SIT-500MB+13,"Singapore, Indonesia, Thailand, 500MB /day, 128kbps",SIM VẬT LÝ,244000
WM-SIT-1GB,WM-SIT-1GB+13,"Singapore, Indonesia, Thailand, 1GB /day, 128kbps",SIM VẬT LÝ,284000
WM-SIT-2GB,WM-SIT-2GB+13,"Singapore, Indonesia, Thailand, 2GB /day, 128kbps",SIM VẬT LÝ,445000
WM-SIT-3GB,WM-SIT-3GB+13,"Singapore, Indonesia, Thailand, 3GB /day, 128kbps",SIM VẬT LÝ,567000
WM-SIT-MAX,WM-SIT-MAX+13,"Singapore, Indonesia, Thailand, Unlimited data /day",SIM VẬT LÝ,789000
WM-SIT-TI,WM-SIT-TI+13,"Singapore, Indonesia, Thailand, Titanium AYCE /day",SIM VẬT LÝ,1837000
WM-SIT-500MB,WM-SIT-500MB+14,"Singapore, Indonesia, Thailand, 500MB /day, 128kbps",SIM VẬT LÝ,256000
WM-SIT-1GB,WM-SIT-1GB+14,"Singapore, Indonesia, Thailand, 1GB /day, 128kbps",SIM VẬT LÝ,299000
WM-SIT-2GB,WM-SIT-2GB+14,"Singapore, Indonesia, Thailand, 2GB /day, 128kbps",SIM VẬT LÝ,473000
WM-SIT-3GB,WM-SIT-3GB+14,"Singapore, Indonesia, Thailand, 3GB /day, 128kbps",SIM VẬT LÝ,604000
WM-SIT-MAX,WM-SIT-MAX+14,"Singapore, Indonesia, Thailand, Unlimited data /day",SIM VẬT LÝ,843000
WM-SIT-TI,WM-SIT-TI+14,"Singapore, Indonesia, Thailand, Titanium AYCE /day",SIM VẬT LÝ,1972000
WM-SIT-500MB,WM-SIT-500MB+15,"Singapore, Indonesia, Thailand, 500MB /day, 128kbps",SIM VẬT LÝ,269000
WM-SIT-1GB,WM-SIT-1GB+15,"Singapore, Indonesia, Thailand, 1GB /day, 128kbps",SIM VẬT LÝ,315000
WM-SIT-2GB,WM-SIT-2GB+15,"Singapore, Indonesia, Thailand, 2GB /day, 128kbps",SIM VẬT LÝ,502000
WM-SIT-3GB,WM-SIT-3GB+15,"Singapore, Indonesia, Thailand, 3GB /day, 128kbps",SIM VẬT LÝ,640000
WM-SIT-MAX,WM-SIT-MAX+15,"Singapore, Indonesia, Thailand, Unlimited data /day",SIM VẬT LÝ,897000
WM-SIT-TI,WM-SIT-TI+15,"Singapore, Indonesia, Thailand, Titanium AYCE /day",SIM VẬT LÝ,2107000
WM-SIT-500MB,WM-SIT-500MB+16,"Singapore, Indonesia, Thailand, 500MB /day, 128kbps",SIM VẬT LÝ,281000
WM-SIT-1GB,WM-SIT-1GB+16,"Singapore, Indonesia, Thailand, 1GB /day, 128kbps",SIM VẬT LÝ,331000
WM-SIT-2GB,WM-SIT-2GB+16,"Singapore, Indonesia, Thailand, 2GB /day, 128kbps",SIM VẬT LÝ,530000
WM-SIT-3GB,WM-SIT-3GB+16,"Singapore, Indonesia, Thailand, 3GB /day, 128kbps",SIM VẬT LÝ,678000
WM-SIT-MAX,WM-SIT-MAX+16,"Singapore, Indonesia, Thailand, Unlimited data /day",SIM VẬT LÝ,951000
WM-SIT-TI,WM-SIT-TI+16,"Singapore, Indonesia, Thailand, Titanium AYCE /day",SIM VẬT LÝ,2242000
WM-SIT-500MB,WM-SIT-500MB+17,"Singapore, Indonesia, Thailand, 500MB /day, 128kbps",SIM VẬT LÝ,293000
WM-SIT-1GB,WM-SIT-1GB+17,"Singapore, Indonesia, Thailand, 1GB /day, 128kbps",SIM VẬT LÝ,346000
WM-SIT-2GB,WM-SIT-2GB+17,"Singapore, Indonesia, Thailand, 2GB /day, 128kbps",SIM VẬT LÝ,557000
WM-SIT-3GB,WM-SIT-3GB+17,"Singapore, Indonesia, Thailand, 3GB /day, 128kbps",SIM VẬT LÝ,715000
WM-SIT-MAX,WM-SIT-MAX+17,"Singapore, Indonesia, Thailand, Unlimited data /day",SIM VẬT LÝ,1005000
WM-SIT-TI,WM-SIT-TI+17,"Singapore, Indonesia, Thailand, Titanium AYCE /day",SIM VẬT LÝ,2376000
WM-SIT-500MB,WM-SIT-500MB+18,"Singapore, Indonesia, Thailand, 500MB /day, 128kbps",SIM VẬT LÝ,305000
WM-SIT-1GB,WM-SIT-1GB+18,"Singapore, Indonesia, Thailand, 1GB /day, 128kbps",SIM VẬT LÝ,362000
WM-SIT-2GB,WM-SIT-2GB+18,"Singapore, Indonesia, Thailand, 2GB /day, 128kbps",SIM VẬT LÝ,585000
WM-SIT-3GB,WM-SIT-3GB+18,"Singapore, Indonesia, Thailand, 3GB /day, 128kbps",SIM VẬT LÝ,752000
WM-SIT-MAX,WM-SIT-MAX+18,"Singapore, Indonesia, Thailand, Unlimited data /day",SIM VẬT LÝ,1060000
WM-SIT-TI,WM-SIT-TI+18,"Singapore, Indonesia, Thailand, Titanium AYCE /day",SIM VẬT LÝ,2511000
WM-SIT-500MB,WM-SIT-500MB+19,"Singapore, Indonesia, Thailand, 500MB /day, 128kbps",SIM VẬT LÝ,319000
WM-SIT-1GB,WM-SIT-1GB+19,"Singapore, Indonesia, Thailand, 1GB /day, 128kbps",SIM VẬT LÝ,378000
WM-SIT-2GB,WM-SIT-2GB+19,"Singapore, Indonesia, Thailand, 2GB /day, 128kbps",SIM VẬT LÝ,613000
WM-SIT-3GB,WM-SIT-3GB+19,"Singapore, Indonesia, Thailand, 3GB /day, 128kbps",SIM VẬT LÝ,790000
WM-SIT-MAX,WM-SIT-MAX+19,"Singapore, Indonesia, Thailand, Unlimited data /day",SIM VẬT LÝ,1114000
WM-SIT-TI,WM-SIT-TI+19,"Singapore, Indonesia, Thailand, Titanium AYCE /day",SIM VẬT LÝ,2646000
WM-SIT-500MB,WM-SIT-500MB+20,"Singapore, Indonesia, Thailand, 500MB /day, 128kbps",SIM VẬT LÝ,331000
WM-SIT-1GB,WM-SIT-1GB+20,"Singapore, Indonesia, Thailand, 1GB /day, 128kbps",SIM VẬT LÝ,393000
WM-SIT-2GB,WM-SIT-2GB+20,"Singapore, Indonesia, Thailand, 2GB /day, 128kbps",SIM VẬT LÝ,640000
WM-SIT-3GB,WM-SIT-3GB+20,"Singapore, Indonesia, Thailand, 3GB /day, 128kbps",SIM VẬT LÝ,827000
WM-SIT-MAX,WM-SIT-MAX+20,"Singapore, Indonesia, Thailand, Unlimited data /day",SIM VẬT LÝ,1168000
WM-SIT-TI,WM-SIT-TI+20,"Singapore, Indonesia, Thailand, Titanium AYCE /day",SIM VẬT LÝ,2780000
WM-SIT-500MB,WM-SIT-500MB+21,"Singapore, Indonesia, Thailand, 500MB /day, 128kbps",SIM VẬT LÝ,343000
WM-SIT-1GB,WM-SIT-1GB+21,"Singapore, Indonesia, Thailand, 1GB /day, 128kbps",SIM VẬT LÝ,408000
WM-SIT-2GB,WM-SIT-2GB+21,"Singapore, Indonesia, Thailand, 2GB /day, 128kbps",SIM VẬT LÝ,669000
WM-SIT-3GB,WM-SIT-3GB+21,"Singapore, Indonesia, Thailand, 3GB /day, 128kbps",SIM VẬT LÝ,864000
WM-SIT-MAX,WM-SIT-MAX+21,"Singapore, Indonesia, Thailand, Unlimited data /day",SIM VẬT LÝ,1222000
WM-SIT-TI,WM-SIT-TI+21,"Singapore, Indonesia, Thailand, Titanium AYCE /day",SIM VẬT LÝ,2915000
WM-SIT-500MB,WM-SIT-500MB+22,"Singapore, Indonesia, Thailand, 500MB /day, 128kbps",SIM VẬT LÝ,356000
WM-SIT-1GB,WM-SIT-1GB+22,"Singapore, Indonesia, Thailand, 1GB /day, 128kbps",SIM VẬT LÝ,423000
WM-SIT-2GB,WM-SIT-2GB+22,"Singapore, Indonesia, Thailand, 2GB /day, 128kbps",SIM VẬT LÝ,697000
WM-SIT-3GB,WM-SIT-3GB+22,"Singapore, Indonesia, Thailand, 3GB /day, 128kbps",SIM VẬT LÝ,902000
WM-SIT-MAX,WM-SIT-MAX+22,"Singapore, Indonesia, Thailand, Unlimited data /day",SIM VẬT LÝ,1276000
WM-SIT-TI,WM-SIT-TI+22,"Singapore, Indonesia, Thailand, Titanium AYCE /day",SIM VẬT LÝ,3050000
WM-SIT-500MB,WM-SIT-500MB+23,"Singapore, Indonesia, Thailand, 500MB /day, 128kbps",SIM VẬT LÝ,368000
WM-SIT-1GB,WM-SIT-1GB+23,"Singapore, Indonesia, Thailand, 1GB /day, 128kbps",SIM VẬT LÝ,439000
WM-SIT-2GB,WM-SIT-2GB+23,"Singapore, Indonesia, Thailand, 2GB /day, 128kbps",SIM VẬT LÝ,725000
WM-SIT-3GB,WM-SIT-3GB+23,"Singapore, Indonesia, Thailand, 3GB /day, 128kbps",SIM VẬT LÝ,939000
WM-SIT-MAX,WM-SIT-MAX+23,"Singapore, Indonesia, Thailand, Unlimited data /day",SIM VẬT LÝ,1331000
WM-SIT-TI,WM-SIT-TI+23,"Singapore, Indonesia, Thailand, Titanium AYCE /day",SIM VẬT LÝ,3185000
WM-SIT-500MB,WM-SIT-500MB+24,"Singapore, Indonesia, Thailand, 500MB /day, 128kbps",SIM VẬT LÝ,380000
WM-SIT-1GB,WM-SIT-1GB+24,"Singapore, Indonesia, Thailand, 1GB /day, 128kbps",SIM VẬT LÝ,455000
WM-SIT-2GB,WM-SIT-2GB+24,"Singapore, Indonesia, Thailand, 2GB /day, 128kbps",SIM VẬT LÝ,752000
WM-SIT-3GB,WM-SIT-3GB+24,"Singapore, Indonesia, Thailand, 3GB /day, 128kbps",SIM VẬT LÝ,975000
WM-SIT-MAX,WM-SIT-MAX+24,"Singapore, Indonesia, Thailand, Unlimited data /day",SIM VẬT LÝ,1385000
WM-SIT-TI,WM-SIT-TI+24,"Singapore, Indonesia, Thailand, Titanium AYCE /day",SIM VẬT LÝ,3320000
WM-SIT-500MB,WM-SIT-500MB+25,"Singapore, Indonesia, Thailand, 500MB /day, 128kbps",SIM VẬT LÝ,393000
WM-SIT-1GB,WM-SIT-1GB+25,"Singapore, Indonesia, Thailand, 1GB /day, 128kbps",SIM VẬT LÝ,470000
WM-SIT-2GB,WM-SIT-2GB+25,"Singapore, Indonesia, Thailand, 2GB /day, 128kbps",SIM VẬT LÝ,780000
WM-SIT-3GB,WM-SIT-3GB+25,"Singapore, Indonesia, Thailand, 3GB /day, 128kbps",SIM VẬT LÝ,1013000
WM-SIT-MAX,WM-SIT-MAX+25,"Singapore, Indonesia, Thailand, Unlimited data /day",SIM VẬT LÝ,1439000
WM-SIT-TI,WM-SIT-TI+25,"Singapore, Indonesia, Thailand, Titanium AYCE /day",SIM VẬT LÝ,3455000
WM-SIT-500MB,WM-SIT-500MB+26,"Singapore, Indonesia, Thailand, 500MB /day, 128kbps",SIM VẬT LÝ,405000
WM-SIT-1GB,WM-SIT-1GB+26,"Singapore, Indonesia, Thailand, 1GB /day, 128kbps",SIM VẬT LÝ,486000
WM-SIT-2GB,WM-SIT-2GB+26,"Singapore, Indonesia, Thailand, 2GB /day, 128kbps",SIM VẬT LÝ,808000
WM-SIT-3GB,WM-SIT-3GB+26,"Singapore, Indonesia, Thailand, 3GB /day, 128kbps",SIM VẬT LÝ,1050000
WM-SIT-MAX,WM-SIT-MAX+26,"Singapore, Indonesia, Thailand, Unlimited data /day",SIM VẬT LÝ,1493000
WM-SIT-TI,WM-SIT-TI+26,"Singapore, Indonesia, Thailand, Titanium AYCE /day",SIM VẬT LÝ,3590000
WM-SIT-500MB,WM-SIT-500MB+27,"Singapore, Indonesia, Thailand, 500MB /day, 128kbps",SIM VẬT LÝ,417000
WM-SIT-1GB,WM-SIT-1GB+27,"Singapore, Indonesia, Thailand, 1GB /day, 128kbps",SIM VẬT LÝ,502000
WM-SIT-2GB,WM-SIT-2GB+27,"Singapore, Indonesia, Thailand, 2GB /day, 128kbps",SIM VẬT LÝ,837000
WM-SIT-3GB,WM-SIT-3GB+27,"Singapore, Indonesia, Thailand, 3GB /day, 128kbps",SIM VẬT LÝ,1087000
WM-SIT-MAX,WM-SIT-MAX+27,"Singapore, Indonesia, Thailand, Unlimited data /day",SIM VẬT LÝ,1548000
WM-SIT-TI,WM-SIT-TI+27,"Singapore, Indonesia, Thailand, Titanium AYCE /day",SIM VẬT LÝ,3725000
WM-SIT-500MB,WM-SIT-500MB+28,"Singapore, Indonesia, Thailand, 500MB /day, 128kbps",SIM VẬT LÝ,430000
WM-SIT-1GB,WM-SIT-1GB+28,"Singapore, Indonesia, Thailand, 1GB /day, 128kbps",SIM VẬT LÝ,516000
WM-SIT-2GB,WM-SIT-2GB+28,"Singapore, Indonesia, Thailand, 2GB /day, 128kbps",SIM VẬT LÝ,864000
WM-SIT-3GB,WM-SIT-3GB+28,"Singapore, Indonesia, Thailand, 3GB /day, 128kbps",SIM VẬT LÝ,1125000
WM-SIT-MAX,WM-SIT-MAX+28,"Singapore, Indonesia, Thailand, Unlimited data /day",SIM VẬT LÝ,1602000
WM-SIT-TI,WM-SIT-TI+28,"Singapore, Indonesia, Thailand, Titanium AYCE /day",SIM VẬT LÝ,3860000
WM-SIT-500MB,WM-SIT-500MB+29,"Singapore, Indonesia, Thailand, 500MB /day, 128kbps",SIM VẬT LÝ,443000
WM-SIT-1GB,WM-SIT-1GB+29,"Singapore, Indonesia, Thailand, 1GB /day, 128kbps",SIM VẬT LÝ,532000
WM-SIT-2GB,WM-SIT-2GB+29,"Singapore, Indonesia, Thailand, 2GB /day, 128kbps",SIM VẬT LÝ,892000
WM-SIT-3GB,WM-SIT-3GB+29,"Singapore, Indonesia, Thailand, 3GB /day, 128kbps",SIM VẬT LÝ,1162000
WM-SIT-MAX,WM-SIT-MAX+29,"Singapore, Indonesia, Thailand, Unlimited data /day",SIM VẬT LÝ,1656000
WM-SIT-TI,WM-SIT-TI+29,"Singapore, Indonesia, Thailand, Titanium AYCE /day",SIM VẬT LÝ,3995000
WM-SIT-500MB,WM-SIT-500MB+30,"Singapore, Indonesia, Thailand, 500MB /day, 128kbps",SIM VẬT LÝ,455000
WM-SIT-1GB,WM-SIT-1GB+30,"Singapore, Indonesia, Thailand, 1GB /day, 128kbps",SIM VẬT LÝ,548000
WM-SIT-2GB,WM-SIT-2GB+30,"Singapore, Indonesia, Thailand, 2GB /day, 128kbps",SIM VẬT LÝ,920000
WM-SIT-3GB,WM-SIT-3GB+30,"Singapore, Indonesia, Thailand, 3GB /day, 128kbps",SIM VẬT LÝ,1199000
WM-SIT-MAX,WM-SIT-MAX+30,"Singapore, Indonesia, Thailand, Unlimited data /day",SIM VẬT LÝ,1710000
WM-SIT-TI,WM-SIT-TI+30,"Singapore, Indonesia, Thailand, Titanium AYCE /day",SIM VẬT LÝ,4130000
WM-SIT-T3-5D,WM-SIT-T3-5D+1,"Singapore, Indonesia, Thailand, 5 Days, 3GB, 128kbps",SIM VẬT LÝ,134000
WM-SIT-T5-5D,WM-SIT-T5-5D+1,"Singapore, Indonesia, Thailand, 5 Days, 5GB, 128kbps",SIM VẬT LÝ,169000
WM-SIT-T10-5D,WM-SIT-T10-5D+1,"Singapore, Indonesia, Thailand, 5 Days, 10GB, 128kbps",SIM VẬT LÝ,226000
WM-SIT-T20-5D,WM-SIT-T20-5D+1,"Singapore, Indonesia, Thailand, 5 Days, 20GB, 128kbps",SIM VẬT LÝ,362000
WM-SIT-T30-5D,WM-SIT-T30-5D+1,"Singapore, Indonesia, Thailand, 5 Days, 30GB, 128kbps",SIM VẬT LÝ,475000
WM-SIT-T50-5D,WM-SIT-T50-5D+1,"Singapore, Indonesia, Thailand, 5 Days, 50GB, 128kbps",SIM VẬT LÝ,732000
WM-SIT-T3-7D,WM-SIT-T3-7D+1,"Singapore, Indonesia, Thailand, 7 Days, 3GB, 128kbps",SIM VẬT LÝ,140000
WM-SIT-T5-7D,WM-SIT-T5-7D+1,"Singapore, Indonesia, Thailand, 7 Days, 5GB, 128kbps",SIM VẬT LÝ,175000
WM-SIT-T10-7D,WM-SIT-T10-7D+1,"Singapore, Indonesia, Thailand, 7 Days, 10GB, 128kbps",SIM VẬT LÝ,240000
WM-SIT-T20-7D,WM-SIT-T20-7D+1,"Singapore, Indonesia, Thailand, 7 Days, 20GB, 128kbps",SIM VẬT LÝ,384000
WM-SIT-T30-7D,WM-SIT-T30-7D+1,"Singapore, Indonesia, Thailand, 7 Days, 30GB, 128kbps",SIM VẬT LÝ,504000
WM-SIT-T50-7D,WM-SIT-T50-7D+1,"Singapore, Indonesia, Thailand, 7 Days, 50GB, 128kbps",SIM VẬT LÝ,768000
WM-SIT-T3-10D,WM-SIT-T3-10D+1,"Singapore, Indonesia, Thailand, 10 Days, 3GB, 128kbps",SIM VẬT LÝ,148000
WM-SIT-T5-10D,WM-SIT-T5-10D+1,"Singapore, Indonesia, Thailand, 10 Days, 5GB, 128kbps",SIM VẬT LÝ,184000
WM-SIT-T10-10D,WM-SIT-T10-10D+1,"Singapore, Indonesia, Thailand, 10 Days, 10GB, 128kbps",SIM VẬT LÝ,255000
WM-SIT-T20-10D,WM-SIT-T20-10D+1,"Singapore, Indonesia, Thailand, 10 Days, 20GB, 128kbps",SIM VẬT LÝ,404000
WM-SIT-T30-10D,WM-SIT-T30-10D+1,"Singapore, Indonesia, Thailand, 10 Days, 30GB, 128kbps",SIM VẬT LÝ,532000
WM-SIT-T50-10D,WM-SIT-T50-10D+1,"Singapore, Indonesia, Thailand, 10 Days, 50GB, 128kbps",SIM VẬT LÝ,804000
WM-SIT-T3-15D,WM-SIT-T3-15D+1,"Singapore, Indonesia, Thailand, 15 Days, 3GB, 128kbps",SIM VẬT LÝ,154000
WM-SIT-T5-15D,WM-SIT-T5-15D+1,"Singapore, Indonesia, Thailand, 15 Days, 5GB, 128kbps",SIM VẬT LÝ,190000
WM-SIT-T10-15D,WM-SIT-T10-15D+1,"Singapore, Indonesia, Thailand, 15 Days, 10GB, 128kbps",SIM VẬT LÝ,269000
WM-SIT-T20-15D,WM-SIT-T20-15D+1,"Singapore, Indonesia, Thailand, 15 Days, 20GB, 128kbps",SIM VẬT LÝ,426000
WM-SIT-T30-15D,WM-SIT-T30-15D+1,"Singapore, Indonesia, Thailand, 15 Days, 30GB, 128kbps",SIM VẬT LÝ,562000
WM-SIT-T50-15D,WM-SIT-T50-15D+1,"Singapore, Indonesia, Thailand, 15 Days, 50GB, 128kbps",SIM VẬT LÝ,839000
WM-SIT-T3-30D,WM-SIT-T3-30D+1,"Singapore, Indonesia, Thailand, 30 Days, 3GB, 128kbps",SIM VẬT LÝ,162000
WM-SIT-T5-30D,WM-SIT-T5-30D+1,"Singapore, Indonesia, Thailand, 30 Days, 5GB, 128kbps",SIM VẬT LÝ,197000
WM-SIT-T10-30D,WM-SIT-T10-30D+1,"Singapore, Indonesia, Thailand, 30 Days, 10GB, 128kbps",SIM VẬT LÝ,283000
WM-SIT-T20-30D,WM-SIT-T20-30D+1,"Singapore, Indonesia, Thailand, 30 Days, 20GB, 128kbps",SIM VẬT LÝ,448000
WM-SIT-T30-30D,WM-SIT-T30-30D+1,"Singapore, Indonesia, Thailand, 30 Days, 30GB, 128kbps",SIM VẬT LÝ,590000
WM-SIT-T50-30D,WM-SIT-T50-30D+1,"Singapore, Indonesia, Thailand, 30 Days, 50GB, 128kbps",SIM VẬT LÝ,875000